[
    {
        "article_link": "https://doi.org/10.1186/s12885-021-07888-4",
        "data": [
            {
                "id": "data_1",
                "omics": "Genomics",
                "link": "https://xenabrowser.net/",
                "format": "HTSeq-FPKM, HTSeq-count",
                "source": "The Cancer Genome Atlas (TCGA)",
                "public_id": "TCGA-LUAD"
            },
            {
                "id": "data_2",
                "omics": "Epigenomics",
                "link": "https://portal.gdc.cancer.gov/",
                "format": "450K methylation data",
                "source": "The Cancer Genome Atlas (TCGA)",
                "public_id": "TCGA-LUAD"
            },
            {
                "id": "data_3",
                "omics": "Genomics",
                "link": "https://portal.gdc.cancer.gov/",
                "format": "Masked Copy Number Segment",
                "source": "The Cancer Genome Atlas (TCGA)",
                "public_id": "TCGA-LUAD"
            },
            {
                "id": "data_4",
                "omics": "Transcriptomics",
                "link": "https://cistrome.shinyapps.io/timer/",
                "format": "null",
                "source": "Tumor Immune Estimation Resource (TIMER)",
                "public_id": "null"
            },
            {
                "id": "data_5",
                "omics": "Transcriptomics",
                "link": "https://kmplot.com/analysis/index.php",
                "format": "null",
                "source": "KMPlot",
                "public_id": "null"
            },
            {
                "id": "data_6",
                "omics": "Transcriptomics",
                "link": "https://www.ncbi.nlm.nih.gov/gds/",
                "format": "null",
                "source": "Gene Expression Omnibus (GEO)",
                "public_id": "GSE31210"
            },
            {
                "id": "data_7",
                "omics": "Transcriptomics",
                "link": "https://www.ncbi.nlm.nih.gov/gds/",
                "format": "null",
                "source": "Gene Expression Omnibus (GEO)",
                "public_id": "GSE37745"
            }
        ],
        "analyses": [
            {
                "id": "analysis_1",
                "analysis_name": "Multi-omics clustering",
                "analysis_data": [
                    "data_1",
                    "data_2",
                    "data_3"
                ],
                "label": null
            },
            {
                "id": "analysis_2",
                "analysis_name": "Kaplan-Meier survival analysis",
                "analysis_data": [
                    "analysis_1"
                ],
                "label": null
            },
            {
                "id": "analysis_3",
                "analysis_name": "Correlation analysis",
                "analysis_data": [
                    "data_1",
                    "data_2",
                    "data_3"
                ],
                "label": null
            },
            {
                "id": "analysis_4",
                "analysis_name": "TIMER analysis",
                "analysis_data": [
                    "data_4"
                ],
                "label": null
            },
            {
                "id": "analysis_5",
                "analysis_name": "External validation",
                "analysis_data": [
                    "data_5",
                    "data_6",
                    "data_7"
                ],
                "label": null
            }
        ],
        "results": [
            {
                "analysis_id": "analysis_1",
                "metrics": null,
                "value": null,
                "features": [
                    "iC1",
                    "iC2"
                ]
            },
            {
                "analysis_id": "analysis_2",
                "metrics": null,
                "value": null,
                "features": [
                    "CNTN4",
                    "RFTN1"
                ]
            },
            {
                "analysis_id": "analysis_3",
                "metrics": null,
                "value": null,
                "features": [
                    "CNV",
                    "methylation"
                ]
            },
            {
                "analysis_id": "analysis_4",
                "metrics": null,
                "value": null,
                "features": [
                    "B cells",
                    "CD4+ T cells",
                    "CD8+ T cells",
                    "neutrophils",
                    "macrophages",
                    "dendritic cells"
                ]
            },
            {
                "analysis_id": "analysis_5",
                "metrics": null,
                "value": null,
                "features": [
                    "CNTN4",
                    "RFTN1"
                ]
            }
        ]
    }
]