[
    {
        "article_link": "https://www.frontiersin.org/articles/10.3389/fgene.2022.981222/full",
        "data": [
            {
                "id": "data_1",
                "omics": "Genomics",
                "link": "https://www.ncbi.nlm.nih.gov/geo/",
                "format": "null",
                "source": "Gene Expression Omnibus (GEO)",
                "public_id": "GSE12452"
            },
            {
                "id": "data_2",
                "omics": "Genomics",
                "link": "https://www.ncbi.nlm.nih.gov/geo/",
                "format": "null",
                "source": "Gene Expression Omnibus (GEO)",
                "public_id": "GSE53819"
            },
            {
                "id": "data_3",
                "omics": "Genomics",
                "link": "https://www.ncbi.nlm.nih.gov/geo/",
                "format": "null",
                "source": "Gene Expression Omnibus (GEO)",
                "public_id": "GSE64634"
            },
            {
                "id": "data_4",
                "omics": "Genomics",
                "link": "https://www.cancer.gov/about-nci/organization/ccg/research",
                "format": "null",
                "source": "TCGA",
                "public_id": "null"
            }
        ],
        "analyses": [
            {
                "id": "analysis_1",
                "analysis_name": "Differential analysis",
                "analysis_data": [
                    "data_1",
                    "data_2",
                    "data_3"
                ],
                "label": null
            },
            {
                "id": "analysis_2",
                "analysis_name": "Survival analysis",
                "analysis_data": [
                    "data_4"
                ],
                "label": null
            },
            {
                "id": "analysis_3",
                "analysis_name": "ROC curve analysis",
                "analysis_data": [
                    "data_1",
                    "data_2",
                    "data_3"
                ],
                "label": null
            },
            {
                "id": "analysis_4",
                "analysis_name": "Gene Ontology and KEGG enrichment analysis",
                "analysis_data": [
                    "data_4"
                ],
                "label": null
            }
        ],
        "results": [
            {
                "analysis_id": "analysis_2",
                "metrics": "Hazard Ratio",
                "value": "1.646 (95% CI: 1.189–2.278)",
                "features": [
                    "NLRP1",
                    "CHMP7",
                    "CYCS"
                ]
            },
            {
                "analysis_id": "analysis_3",
                "metrics": "AUC",
                "value": "0.703",
                "features": [
                    "DGCR5",
                    "HOTAIR",
                    "LINC00308",
                    "LINC00311",
                    "PRNT",
                    "TMEM105"
                ]
            },
            {
                "analysis_id": "analysis_4",
                "metrics": null,
                "value": null,
                "features": [
                    "NOD-like receptor signaling pathway",
                    "Salmonella infection",
                    "necroptosis",
                    "lipid and atherosclerosis"
                ]
            }
        ]
    }
]