[
    {
        "article_link": "https://doi.org/10.1128/mBio.00431-19",
        "data": [
            {
                "id": "data_1",
                "omics": "Metagenomics",
                "link": null,
                "format": "Illumina",
                "source": "NCBI SRA",
                "public_id": "SRP173673"
            },
            {
                "id": "data_2",
                "omics": "Metatranscriptomics",
                "link": null,
                "format": "Illumina",
                "source": "NCBI SRA",
                "public_id": "SRP173673"
            },
            {
                "id": "data_3",
                "omics": "Metabolomics",
                "link": null,
                "format": "LC-MS/MS",
                "source": "GNPS",
                "public_id": "MSV000079444"
            }
        ],
        "analyses": [
            {
                "id": "analysis_1",
                "analysis_name": "Metagenomics",
                "analysis_data": [
                    "data_1"
                ],
                "label": null
            },
            {
                "id": "analysis_2",
                "analysis_name": "Metatranscriptomics",
                "analysis_data": [
                    "data_2"
                ],
                "label": null
            },
            {
                "id": "analysis_3",
                "analysis_name": "Metabolomics",
                "analysis_data": [
                    "data_3"
                ],
                "label": null
            }
        ],
        "results": [
            {
                "analysis_id": "analysis_1",
                "metrics": null,
                "value": null,
                "features": [
                    "Pseudomonas",
                    "Stenotrophomonas",
                    "Escherichia-Shigella"
                ]
            },
            {
                "analysis_id": "analysis_2",
                "metrics": null,
                "value": null,
                "features": [
                    "Bacillus",
                    "Escherichia-Shigella",
                    "Streptococcus",
                    "Salmonella",
                    "Lactococcus"
                ]
            },
            {
                "analysis_id": "analysis_3",
                "metrics": null,
                "value": null,
                "features": [
                    "Globotriaosylceramide (Gb3)",
                    "Lactosylceramide",
                    "Sphingomyelin"
                ]
            }
        ]
    }
]