[
    {
        "article_link": "https://doi.org/10.3390/ijms25105108",
        "data": [
            {
                "id": "data_1",
                "omics": "Transcriptomics",
                "link": "https://www.ncbi.nlm.nih.gov/geo/query/acc.cgi?acc=GSE261086",
                "format": "Fastq",
                "source": "Gene Expression Omnibus (GEO)",
                "public_id": "GSE261086"
            },
            {
                "id": "data_2",
                "omics": "Proteomics",
                "link": "https://www.ebi.ac.uk/pride/archive/projects/PXD050335",
                "format": "null",
                "source": "ProteomeXchange Consortium via the PRIDE repository",
                "public_id": "PXD050335"
            }
        ],
        "analyses": [
            {
                "id": "analysis_1",
                "analysis_name": "Transcriptomics",
                "analysis_data": [
                    "data_1"
                ],
                "label": null
            },
            {
                "id": "analysis_2",
                "analysis_name": "Proteomics",
                "analysis_data": [
                    "data_2"
                ],
                "label": null
            },
            {
                "id": "analysis_3",
                "analysis_name": "Gene co-expression network analysis",
                "analysis_data": [
                    "analysis_1"
                ],
                "label": null
            },
            {
                "id": "analysis_4",
                "analysis_name": "Cell-type deconvolution",
                "analysis_data": [
                    "analysis_1"
                ],
                "label": null
            },
            {
                "id": "analysis_5",
                "analysis_name": "Proteogenomics",
                "analysis_data": [
                    "analysis_1",
                    "analysis_2"
                ],
                "label": null
            }
        ],
        "results": [
            {
                "analysis_id": "analysis_1",
                "metrics": null,
                "value": null,
                "features": [
                    "HLA-F",
                    "HLA-DR",
                    "HLA-DOA",
                    "IGHG1",
                    "IGHG3",
                    "ICAM1",
                    "ITGB2",
                    "ITGB3",
                    "PECAM1",
                    "E-selectin",
                    "ANXA3",
                    "ARHGD1B",
                    "IL36a",
                    "IL16",
                    "C9",
                    "C6"
                ]
            },
            {
                "analysis_id": "analysis_2",
                "metrics": null,
                "value": null,
                "features": [
                    "HLA-DR",
                    "PECAM1",
                    "IL16",
                    "C9",
                    "HCLS1",
                    "RPS16",
                    "SF3B2",
                    "PKN1",
                    "ARHGDIB"
                ]
            },
            {
                "analysis_id": "analysis_3",
                "metrics": null,
                "value": null,
                "features": [
                    "T cell activation",
                    "B cell activation",
                    "myeloid activation",
                    "innate immune response",
                    "neutrophil activation",
                    "extracellular matrix organization",
                    "muscle development",
                    "neural signaling"
                ]
            },
            {
                "analysis_id": "analysis_4",
                "metrics": null,
                "value": null,
                "features": [
                    "CD8 T cells",
                    "plasma cells",
                    "inflammatory fibroblasts",
                    "myofibroblasts",
                    "endothelial cells",
                    "post-capillary venules"
                ]
            },
            {
                "analysis_id": "analysis_5",
                "metrics": null,
                "value": null,
                "features": [
                    "FBLN1",
                    "RTN4B",
                    "RTN4C",
                    "RTN4B2"
                ]
            }
        ]
    }
]