[
    {
        "article_link": "https://doi.org/10.1038/s41467-023-37614-6",
        "data": [
            {
                "id": "data_1",
                "omics": "Single-cell RNA sequencing",
                "link": null,
                "format": "Fastq",
                "source": "Gene Expression Omnibus (GEO)",
                "public_id": "GSE150825"
            },
            {
                "id": "data_2",
                "omics": "Single-cell RNA sequencing",
                "link": null,
                "format": "Fastq",
                "source": "Gene Expression Omnibus (GEO)",
                "public_id": "GSE150430"
            },
            {
                "id": "data_3",
                "omics": "Single-cell RNA sequencing",
                "link": null,
                "format": "Fastq",
                "source": "Gene Expression Omnibus (GEO)",
                "public_id": "GSE162025"
            },
            {
                "id": "data_4",
                "omics": "RNA sequencing",
                "link": null,
                "format": "Processed Data",
                "source": "Gene Expression Omnibus (GEO)",
                "public_id": "GSE68799"
            },
            {
                "id": "data_5",
                "omics": "RNA sequencing",
                "link": null,
                "format": "Processed Data",
                "source": "Gene Expression Omnibus (GEO)",
                "public_id": "GSE102349"
            },
            {
                "id": "data_6",
                "omics": "RNA sequencing",
                "link": null,
                "format": "Processed Data",
                "source": "Gene Expression Omnibus (GEO)",
                "public_id": "GSE53819"
            },
            {
                "id": "data_7",
                "omics": "RNA sequencing",
                "link": null,
                "format": "Processed Data",
                "source": "Gene Expression Omnibus (GEO)",
                "public_id": "GSE13597"
            },
            {
                "id": "data_8",
                "omics": "RNA sequencing",
                "link": null,
                "format": "Processed Data",
                "source": "Gene Expression Omnibus (GEO)",
                "public_id": "GSE118719"
            },
            {
                "id": "data_9",
                "omics": "RNA sequencing",
                "link": null,
                "format": "Processed Data",
                "source": "Gene Expression Omnibus (GEO)",
                "public_id": "GSE96538"
            },
            {
                "id": "data_10",
                "omics": "Single-cell RNA sequencing",
                "link": null,
                "format": "Fastq",
                "source": "Gene Expression Omnibus (GEO)",
                "public_id": "GSE139324"
            },
            {
                "id": "data_11",
                "omics": "Single-cell RNA sequencing",
                "link": null,
                "format": "Fastq",
                "source": "Gene Expression Omnibus (GEO)",
                "public_id": "GSE164690"
            },
            {
                "id": "data_12",
                "omics": "Spatial transcriptomics",
                "link": null,
                "format": "Processed Data",
                "source": "Gene Expression Omnibus (GEO)",
                "public_id": "GSE200310"
            },
            {
                "id": "data_13",
                "omics": "Single-cell RNA sequencing",
                "link": null,
                "format": "Processed Data",
                "source": "Gene Expression Omnibus (GEO)",
                "public_id": "GSE200315"
            }
        ],
        "analyses": [
            {
                "id": "analysis_1",
                "analysis_name": "Single cell cluster",
                "analysis_data": [
                    "data_1",
                    "data_2",
                    "data_3"
                ],
                "label": null
            },
            {
                "id": "analysis_2",
                "analysis_name": "Differential analysis",
                "analysis_data": [
                    "data_4",
                    "data_5",
                    "data_6",
                    "data_7",
                    "data_8"
                ],
                "label": null
            },
            {
                "id": "analysis_3",
                "analysis_name": "Gene set variation analysis (GSVA)",
                "analysis_data": [
                    "data_1",
                    "data_2",
                    "data_3"
                ],
                "label": null
            },
            {
                "id": "analysis_4",
                "analysis_name": "Cell-cell communication analysis",
                "analysis_data": [
                    "data_1",
                    "data_2",
                    "data_3"
                ],
                "label": null
            },
            {
                "id": "analysis_5",
                "analysis_name": "Spatial transcriptomics analysis",
                "analysis_data": [
                    "data_12"
                ],
                "label": null
            },
            {
                "id": "analysis_6",
                "analysis_name": "ATAC-Seq",
                "analysis_data": [
                    "data_1",
                    "data_2",
                    "data_3"
                ],
                "label": null
            }
        ],
        "results": [
            {
                "analysis_id": "analysis_1",
                "metrics": null,
                "value": null,
                "features": [
                    "FOXP3",
                    "BATF"
                ]
            },
            {
                "analysis_id": "analysis_2",
                "metrics": null,
                "value": null,
                "features": [
                    "CTLA4",
                    "LAYN",
                    "TNFRSF4"
                ]
            },
            {
                "analysis_id": "analysis_3",
                "metrics": null,
                "value": null,
                "features": [
                    "Oxidative phosphorylation",
                    "Fatty acid metabolism",
                    "Cholesterol homeostasis"
                ]
            },
            {
                "analysis_id": "analysis_4",
                "metrics": null,
                "value": null,
                "features": [
                    "CD70-CD27 signaling"
                ]
            },
            {
                "analysis_id": "analysis_5",
                "metrics": null,
                "value": null,
                "features": [
                    "CD70 expression",
                    "FOXP3+/CTLA4+ eTreg infiltration"
                ]
            },
            {
                "analysis_id": "analysis_6",
                "metrics": null,
                "value": null,
                "features": [
                    "NFKB2 binding to CD70 promoter"
                ]
            }
        ]
    }
]