[
    {
        "article_link": "https://doi.org/10.1016/j.xcrm.2023.101234",
        "data": [
            {
                "id": "data_1",
                "omics": "Transcriptomics",
                "link": null,
                "format": null,
                "source": null,
                "public_id": null
            },
            {
                "id": "data_2",
                "omics": "Proteomics",
                "link": null,
                "format": null,
                "source": null,
                "public_id": null
            },
            {
                "id": "data_3",
                "omics": "Metabolomics",
                "link": null,
                "format": null,
                "source": null,
                "public_id": null
            },
            {
                "id": "data_4",
                "omics": "Single-cell RNA-seq",
                "link": null,
                "format": null,
                "source": null,
                "public_id": null
            },
            {
                "id": "data_5",
                "omics": "Spatial transcriptomics",
                "link": null,
                "format": null,
                "source": null,
                "public_id": null
            }
        ],
        "analyses": [
            {
                "id": "analysis_1",
                "analysis_name": "Differential analysis",
                "analysis_data": [
                    "data_1"
                ],
                "label": null
            },
            {
                "id": "analysis_2",
                "analysis_name": "Differential analysis",
                "analysis_data": [
                    "data_2"
                ],
                "label": null
            },
            {
                "id": "analysis_3",
                "analysis_name": "Metabolic flux analysis",
                "analysis_data": [
                    "data_3"
                ],
                "label": null
            },
            {
                "id": "analysis_4",
                "analysis_name": "Single cell cluster",
                "analysis_data": [
                    "data_4"
                ],
                "label": null
            },
            {
                "id": "analysis_5",
                "analysis_name": "Spatial transcriptomics",
                "analysis_data": [
                    "data_5"
                ],
                "label": null
            }
        ],
        "results": [
            {
                "analysis_id": "analysis_1",
                "metrics": null,
                "value": null,
                "features": [
                    "4473 differentially expressed genes (DEGs)"
                ]
            },
            {
                "analysis_id": "analysis_2",
                "metrics": null,
                "value": null,
                "features": [
                    "478 differentially expressed proteins (DEPs)"
                ]
            },
            {
                "analysis_id": "analysis_3",
                "metrics": null,
                "value": null,
                "features": [
                    "Metabolic reprogramming",
                    "Oleic acid accumulation"
                ]
            },
            {
                "analysis_id": "analysis_4",
                "metrics": null,
                "value": null,
                "features": [
                    "CD8+ T cells enrichment"
                ]
            },
            {
                "analysis_id": "analysis_5",
                "metrics": null,
                "value": null,
                "features": [
                    "Spatial distribution of CD8+ T cells"
                ]
            }
        ]
    }
]