[
    {
        "article_link": "https://doi.org/10.1093/mr/road024",
        "data": [
            {
                "id": "data_1",
                "omics": "Transcriptomics",
                "link": "https://www.ncbi.nlm.nih.gov/geo/query/acc.cgi?acc=GSE148601",
                "format": "Microarray",
                "source": "Gene Expression Omnibus (GEO)",
                "public_id": "GSE148601"
            },
            {
                "id": "data_2",
                "omics": "Transcriptomics",
                "link": "https://ddbj.nig.ac.jp/resource/sra-submission/DRA010165",
                "format": "RNA-seq",
                "source": "DNA Data Bank of Japan",
                "public_id": "DRA010165"
            },
            {
                "id": "data_3",
                "omics": "Transcriptomics",
                "link": "https://ddbj.nig.ac.jp/resource/sra-submission/DRA010166",
                "format": "RNA-seq",
                "source": "DNA Data Bank of Japan",
                "public_id": "DRA010166"
            },
            {
                "id": "data_4",
                "omics": "Transcriptomics",
                "link": "https://ddbj.nig.ac.jp/resource/sra-submission/DRA010167",
                "format": "RNA-seq",
                "source": "DNA Data Bank of Japan",
                "public_id": "DRA010167"
            },
            {
                "id": "data_5",
                "omics": "Transcriptomics",
                "link": "https://ddbj.nig.ac.jp/resource/sra-submission/DRA010168",
                "format": "RNA-seq",
                "source": "DNA Data Bank of Japan",
                "public_id": "DRA010168"
            },
            {
                "id": "data_6",
                "omics": "Transcriptomics",
                "link": "https://ddbj.nig.ac.jp/resource/sra-submission/DRA010169",
                "format": "RNA-seq",
                "source": "DNA Data Bank of Japan",
                "public_id": "DRA010169"
            }
        ],
        "analyses": [
            {
                "id": "analysis_1",
                "analysis_name": "Transcriptome analysis",
                "analysis_data": [
                    "data_1",
                    "data_2",
                    "data_3",
                    "data_4",
                    "data_5",
                    "data_6"
                ],
                "label": null
            }
        ],
        "results": [
            {
                "analysis_id": "analysis_1",
                "metrics": null,
                "value": null,
                "features": [
                    "MX1",
                    "IFITM1",
                    "IFITM2",
                    "IFITM3",
                    "IFI35",
                    "LAG3",
                    "IL21",
                    "BCL6",
                    "IL10",
                    "TNFSF13B"
                ]
            }
        ]
    }
]