[
    {
        "article_link": "https://advances.sciencemag.org/content/9/eadj4407",
        "data": [
            {
                "id": "data_1",
                "omics": "Genomics",
                "link": "https://www.ncbi.nlm.nih.gov/geo/query/acc.cgi?acc=GSE198016",
                "format": "WES",
                "source": "Gene Expression Omnibus (GEO)",
                "public_id": "GSE198016"
            },
            {
                "id": "data_2",
                "omics": "Genomics",
                "link": "https://www.ncbi.nlm.nih.gov/geo/query/acc.cgi?acc=GSE198016",
                "format": "WGS",
                "source": "Gene Expression Omnibus (GEO)",
                "public_id": "GSE198016"
            },
            {
                "id": "data_3",
                "omics": "Transcriptomics",
                "link": "https://www.ncbi.nlm.nih.gov/geo/query/acc.cgi?acc=GSE198016",
                "format": "RNA-seq",
                "source": "Gene Expression Omnibus (GEO)",
                "public_id": "GSE198016"
            },
            {
                "id": "data_4",
                "omics": "Epigenomics",
                "link": "https://www.ncbi.nlm.nih.gov/geo/query/acc.cgi?acc=GSE197696",
                "format": "DNA methylation array",
                "source": "Gene Expression Omnibus (GEO)",
                "public_id": "GSE197696"
            },
            {
                "id": "data_5",
                "omics": "Transcriptomics",
                "link": "https://www.ncbi.nlm.nih.gov/geo/query/acc.cgi?acc=GSE198016",
                "format": "scRNA-seq",
                "source": "Gene Expression Omnibus (GEO)",
                "public_id": "GSE198016"
            }
        ],
        "analyses": [
            {
                "id": "analysis_1",
                "analysis_name": "Genomic landscape analysis",
                "analysis_data": [
                    "data_1",
                    "data_2"
                ],
                "label": null
            },
            {
                "id": "analysis_2",
                "analysis_name": "RNA expression analysis",
                "analysis_data": [
                    "data_3"
                ],
                "label": null
            },
            {
                "id": "analysis_3",
                "analysis_name": "DNA methylation analysis",
                "analysis_data": [
                    "data_4"
                ],
                "label": null
            },
            {
                "id": "analysis_4",
                "analysis_name": "Single-cell RNA-seq analysis",
                "analysis_data": [
                    "data_5"
                ],
                "label": null
            },
            {
                "id": "analysis_5",
                "analysis_name": "Drug sensitivity analysis",
                "analysis_data": [
                    "data_1",
                    "data_3"
                ],
                "label": null
            }
        ],
        "results": [
            {
                "analysis_id": "analysis_1",
                "metrics": null,
                "value": null,
                "features": [
                    "NOTCH1",
                    "ETV6",
                    "KMT2D",
                    "PIK3C2A",
                    "FLT3",
                    "SAMD9L"
                ]
            },
            {
                "analysis_id": "analysis_2",
                "metrics": null,
                "value": null,
                "features": [
                    "VEGFA",
                    "VEGFR2",
                    "RAS",
                    "mTOR"
                ]
            },
            {
                "analysis_id": "analysis_3",
                "metrics": null,
                "value": null,
                "features": null
            },
            {
                "analysis_id": "analysis_4",
                "metrics": null,
                "value": null,
                "features": [
                    "HSC",
                    "MPP",
                    "NK cells"
                ]
            },
            {
                "analysis_id": "analysis_5",
                "metrics": null,
                "value": null,
                "features": [
                    "L-asparaginase",
                    "PI-103",
                    "ABT-199",
                    "lenvatinib",
                    "apabetalone"
                ]
            }
        ]
    }
]