[
    {
        "article_link": "https://www.biosino.org/node/project/detail/OEP003191",
        "data": [
            {
                "id": "data_1",
                "omics": "Genomics",
                "link": "https://www.biosino.org/node/project/detail/OEP003191",
                "format": "WES",
                "source": "biosino NODE",
                "public_id": "OEP003191"
            },
            {
                "id": "data_2",
                "omics": "Epigenomics",
                "link": "https://www.biosino.org/node/project/detail/OEP003191",
                "format": "RRBS",
                "source": "biosino NODE",
                "public_id": "OEP003191"
            },
            {
                "id": "data_3",
                "omics": "Transcriptomics",
                "link": "https://www.biosino.org/node/project/detail/OEP003191",
                "format": "RNA-seq",
                "source": "biosino NODE",
                "public_id": "OEP003191"
            },
            {
                "id": "data_4",
                "omics": "Proteomics",
                "link": "https://www.biosino.org/node/project/detail/OEP003191",
                "format": "DIA",
                "source": "biosino NODE",
                "public_id": "OEP003191"
            }
        ],
        "analyses": [
            {
                "id": "analysis_1",
                "analysis_name": "Proteogenomic profiling",
                "analysis_data": [
                    "data_1",
                    "data_2",
                    "data_3",
                    "data_4"
                ],
                "label": null
            },
            {
                "id": "analysis_2",
                "analysis_name": "High-throughput drug screening",
                "analysis_data": [
                    "data_1",
                    "data_2",
                    "data_3",
                    "data_4"
                ],
                "label": null
            },
            {
                "id": "analysis_3",
                "analysis_name": "Differential protein expression analysis",
                "analysis_data": [
                    "data_4"
                ],
                "label": null
            },
            {
                "id": "analysis_4",
                "analysis_name": "Elastic net regression models",
                "analysis_data": [
                    "data_1",
                    "data_2",
                    "data_3",
                    "data_4"
                ],
                "label": null
            }
        ],
        "results": [
            {
                "analysis_id": "analysis_1",
                "metrics": null,
                "value": null,
                "features": [
                    "TP53",
                    "KMT2C",
                    "RB1",
                    "PBRM1",
                    "CTNNB1",
                    "KRAS",
                    "BAP1"
                ]
            },
            {
                "analysis_id": "analysis_2",
                "metrics": "AUC",
                "value": null,
                "features": [
                    "BEZ235",
                    "Temsirolimus",
                    "Regorafenib",
                    "Lenvatinib",
                    "Tivantinib"
                ]
            },
            {
                "analysis_id": "analysis_3",
                "metrics": null,
                "value": null,
                "features": [
                    "G6PD",
                    "MYC",
                    "NRF2"
                ]
            },
            {
                "analysis_id": "analysis_4",
                "metrics": "Pearson correlation",
                "value": "0.78",
                "features": [
                    "Regorafenib"
                ]
            }
        ]
    }
]