[
    {
        "article_link": "https://doi.org/10.1371/journal.pone.0255337",
        "data": [
            {
                "id": "data_1",
                "omics": "Transcriptomics",
                "link": "https://www.ncbi.nlm.nih.gov/gap/",
                "format": "null",
                "source": "dbGaP",
                "public_id": "phs000765.v3.p2"
            },
            {
                "id": "data_2",
                "omics": "Proteomics",
                "link": "https://www.ncbi.nlm.nih.gov/gap/",
                "format": "null",
                "source": "COPDGene",
                "public_id": "phs000179.v6.p2"
            },
            {
                "id": "data_3",
                "omics": "Metabolomics",
                "link": "https://www.metabolomicsworkbench.org/",
                "format": "null",
                "source": "Metabolomics Workbench",
                "public_id": "PR000907"
            }
        ],
        "analyses": [
            {
                "id": "analysis_1",
                "analysis_name": "Single-omics analysis",
                "analysis_data": [
                    "data_1"
                ],
                "label": null
            },
            {
                "id": "analysis_2",
                "analysis_name": "Single-omics analysis",
                "analysis_data": [
                    "data_2"
                ],
                "label": null
            },
            {
                "id": "analysis_3",
                "analysis_name": "Single-omics analysis",
                "analysis_data": [
                    "data_3"
                ],
                "label": null
            },
            {
                "id": "analysis_4",
                "analysis_name": "Multi-omics analysis",
                "analysis_data": [
                    "data_1",
                    "data_2",
                    "data_3"
                ],
                "label": null
            }
        ],
        "results": [
            {
                "analysis_id": "analysis_1",
                "metrics": "null",
                "value": "",
                "features": [
                    "SLCO4C1",
                    "TNFRSF10B",
                    "SNX4",
                    "RLF",
                    "SELENOW",
                    "TPD52L2",
                    "PPP1R10",
                    "CD80",
                    "SNRPB2",
                    "RSL24D1",
                    "RPL26L1",
                    "RPS27L",
                    "FOLR2"
                ]
            },
            {
                "analysis_id": "analysis_2",
                "metrics": "null",
                "value": "",
                "features": [
                    "Interleukin-23",
                    "Fibroblast growth factor 20",
                    "Stromelysin-1",
                    "Macrophage-capping protein",
                    "C5a anaphylatoxin",
                    "Coagulation Factor X",
                    "Gelsolin",
                    "Trefoil factor 3",
                    "Limbic system-associated membrane protein",
                    "Mannose-binding protein C",
                    "Adhesion G protein-coupled receptor E2",
                    "Neural cell adhesion molecule 1, 120 kDa isoform",
                    "Apolipoprotein A-I",
                    "Follicle stimulating hormone",
                    "Glucose-6-phosphate isomerase",
                    "A disintegrin and metalloproteinase with thrombospondin motifs 5",
                    "Interleukin-1 receptor-like 1",
                    "Nidogen-1",
                    "72 kDa type IV collagenase",
                    "Transforming growth factor-beta-induced protein ig-h3",
                    "C-X-C motif chemokine 10",
                    "Hemojuvelin",
                    "Complement factor B",
                    "Bone morphogenetic protein 1",
                    "UNANNOTATED (SOMAmer: 9191–8_3)",
                    "C-reactive protein",
                    "Insulin-like growth factor-binding protein 6",
                    "Apolipoprotein B",
                    "C-X-C motif chemokine 16",
                    "UNANNOTATED (SOMAmer: 5451–1_3)",
                    "Tumor necrosis factor receptor superfamily member 10D",
                    "UNANNOTATED (SOMAmer: 5349–69_3)",
                    "UNANNOTATED (SOMAmer: 8459–10_3)",
                    "UNANNOTATED (SOMAmer: 8464–31_3)",
                    "SPARC-related modular calcium-binding protein 1",
                    "Mast/stem cell growth factor receptor Kit",
                    "Ephrin-B1",
                    "NT-3 growth factor receptor",
                    "UNANNOTATED (SOMAmer: 5115–31_3)",
                    "60 kDa heat shock protein, mitochondrial",
                    "UNANNOTATED (SOMAmer: 5509–7_3)"
                ]
            },
            {
                "analysis_id": "analysis_3",
                "metrics": "null",
                "value": "",
                "features": [
                    "dehydroisoandrosterone sulfate (DHEA-S)",
                    "3-(3-amino-3-carboxypropyl)uridine",
                    "X– 12117",
                    "stearoyl sphingomyelin (d18:1/18:0)",
                    "hydroxy-CMPF",
                    "N6-carbamoylthreonyladenosine",
                    "N-formylmethionine",
                    "sphingomyelin (d18:1/20:1, d18:2/20:0)",
                    "sphingomyelin (d18:1/17:0, d17:1/18:0, d19:1/16:0)",
                    "1-palmitoyl-2-linoleoyl-GPC (16:0/18:2)",
                    "3-carboxy-4-methyl-5-propyl-2-furanpropanoate (CMPF)",
                    "pyroglutamine"
                ]
            },
            {
                "analysis_id": "analysis_4",
                "metrics": "null",
                "value": "",
                "features": [
                    "UQCRB"
                ]
            }
        ]
    }
]