[
    {
        "article_link": "https://doi.org/10.1186/s12967-022-03826-5",
        "data": [
            {
                "id": "data_1",
                "omics": "Genomics",
                "link": "https://www.ncbi.nlm.nih.gov/geo/query/acc.cgi?acc=GSE38642",
                "format": "Array",
                "source": "Gene Expression Omnibus (GEO)",
                "public_id": "GSE38642"
            },
            {
                "id": "data_2",
                "omics": "Genomics",
                "link": "https://www.ncbi.nlm.nih.gov/geo/query/acc.cgi?acc=GSE21232",
                "format": "Array",
                "source": "Gene Expression Omnibus (GEO)",
                "public_id": "GSE21232"
            },
            {
                "id": "data_3",
                "omics": "Genomics",
                "link": "https://www.ncbi.nlm.nih.gov/geo/query/acc.cgi?acc=GSE25724",
                "format": "Array",
                "source": "Gene Expression Omnibus (GEO)",
                "public_id": "GSE25724"
            },
            {
                "id": "data_4",
                "omics": "Genomics",
                "link": "null",
                "format": "Array",
                "source": "Mergeomics",
                "public_id": "Nature 536(7614): 41–47"
            }
        ],
        "analyses": [
            {
                "id": "analysis_1",
                "analysis_name": "Marker Set Enrichment Analysis (MSEA)",
                "analysis_data": [
                    "data_1",
                    "data_2",
                    "data_3",
                    "data_4"
                ],
                "label": null
            },
            {
                "id": "analysis_2",
                "analysis_name": "Weighted Key Driver Analysis (wKDA)",
                "analysis_data": [
                    "data_1",
                    "data_2",
                    "data_3",
                    "data_4"
                ],
                "label": null
            },
            {
                "id": "analysis_3",
                "analysis_name": "ROC Curve analysis",
                "analysis_data": [
                    "data_3"
                ],
                "label": null
            }
        ],
        "results": [
            {
                "analysis_id": "analysis_1",
                "metrics": null,
                "value": null,
                "features": [
                    "immune-related activities",
                    "glucose metabolism"
                ]
            },
            {
                "analysis_id": "analysis_2",
                "metrics": null,
                "value": null,
                "features": [
                    "PSMB9",
                    "COL1A1",
                    "COL4A1",
                    "HLA-DQB1",
                    "COL3A1",
                    "IRF7",
                    "COL5A1",
                    "CD74",
                    "HLA-DQA1",
                    "HLA-DRB1"
                ]
            },
            {
                "analysis_id": "analysis_3",
                "metrics": "AUC",
                "value": "0.928, 1.000, 0.952, 0.833",
                "features": [
                    "COL5A1",
                    "IRF7",
                    "CD74",
                    "HLA-DRB1"
                ]
            }
        ]
    }
]