[
    {
        "article_link": "https://doi.org/10.1186/s12967-023-04683-6",
        "data": [
            {
                "id": "data_1",
                "omics": "Transcriptomics",
                "link": null,
                "format": "Processed Data",
                "source": "Gene Expression Omnibus (GEO)",
                "public_id": "GSE193337"
            },
            {
                "id": "data_2",
                "omics": "Transcriptomics",
                "link": null,
                "format": "Processed Data",
                "source": "Gene Expression Omnibus (GEO)",
                "public_id": "GSE141445"
            },
            {
                "id": "data_3",
                "omics": "Transcriptomics",
                "link": null,
                "format": "Processed Data",
                "source": "The Cancer Genome Atlas (TCGA)",
                "public_id": "TCGA-PRAD"
            },
            {
                "id": "data_4",
                "omics": "Transcriptomics",
                "link": null,
                "format": "Processed Data",
                "source": "Gene Expression Omnibus (GEO)",
                "public_id": "GSE21034"
            },
            {
                "id": "data_5",
                "omics": "Transcriptomics",
                "link": null,
                "format": "Processed Data",
                "source": "Gene Expression Omnibus (GEO)",
                "public_id": "GSE70770"
            },
            {
                "id": "data_6",
                "omics": "Transcriptomics",
                "link": null,
                "format": "Processed Data",
                "source": "Gene Expression Omnibus (GEO)",
                "public_id": "GSE6811"
            },
            {
                "id": "data_7",
                "omics": "Transcriptomics",
                "link": null,
                "format": "Processed Data",
                "source": "Gene Expression Omnibus (GEO)",
                "public_id": "GSE28680"
            },
            {
                "id": "data_8",
                "omics": "Transcriptomics",
                "link": null,
                "format": "Processed Data",
                "source": "Gene Expression Omnibus (GEO)",
                "public_id": "GSE116918"
            },
            {
                "id": "data_9",
                "omics": "Transcriptomics",
                "link": null,
                "format": "Processed Data",
                "source": "Gene Expression Omnibus (GEO)",
                "public_id": "GSE46691"
            }
        ],
        "analyses": [
            {
                "id": "analysis_1",
                "analysis_name": "Single cell cluster",
                "analysis_data": [
                    "data_1",
                    "data_2"
                ],
                "label": null
            },
            {
                "id": "analysis_2",
                "analysis_name": "Differential analysis",
                "analysis_data": [
                    "data_3"
                ],
                "label": null
            },
            {
                "id": "analysis_3",
                "analysis_name": "Classification analysis",
                "analysis_data": [
                    "data_3"
                ],
                "label": null
            },
            {
                "id": "analysis_4",
                "analysis_name": "Gene co-expression network analysis",
                "analysis_data": [
                    "data_3"
                ],
                "label": null
            }
        ],
        "results": [
            {
                "analysis_id": "analysis_1",
                "metrics": null,
                "value": null,
                "features": [
                    "cytoTRACE"
                ]
            },
            {
                "analysis_id": "analysis_2",
                "metrics": null,
                "value": null,
                "features": [
                    "mRNAsi",
                    "mDNAsi",
                    "EREG_mDNAsi",
                    "DMPsi"
                ]
            },
            {
                "analysis_id": "analysis_3",
                "metrics": null,
                "value": null,
                "features": [
                    "High Stemness",
                    "Medium Stemness",
                    "Low Stemness"
                ]
            },
            {
                "analysis_id": "analysis_4",
                "metrics": null,
                "value": null,
                "features": [
                    "CDK1",
                    "KIF4A",
                    "TPX2",
                    "BUB1",
                    "TOP2A",
                    "SKA3",
                    "DLGAP5",
                    "NCAPG",
                    "HMMR"
                ]
            }
        ]
    }
]