[
    {
        "article_link": "https://www.ncbi.nlm.nih.gov/pmc/articles/PMC2024May20/",
        "data": [
            {
                "id": "data_1",
                "omics": "Transcriptomics",
                "link": "https://www.ncbi.nlm.nih.gov/geo/query/acc.cgi?acc=GSE223843",
                "format": "Processed Data",
                "source": "Gene Expression Omnibus (GEO)",
                "public_id": "GSE223843"
            },
            {
                "id": "data_2",
                "omics": "Epigenomics",
                "link": "https://www.ncbi.nlm.nih.gov/geo/query/acc.cgi?acc=GSE223843",
                "format": "Processed Data",
                "source": "Gene Expression Omnibus (GEO)",
                "public_id": "GSE223843"
            }
        ],
        "analyses": [
            {
                "id": "analysis_1",
                "analysis_name": "Single cell multiomics",
                "analysis_data": [
                    "data_1",
                    "data_2"
                ],
                "label": null
            },
            {
                "id": "analysis_2",
                "analysis_name": "Differential analysis",
                "analysis_data": [
                    "data_1"
                ],
                "label": null
            },
            {
                "id": "analysis_3",
                "analysis_name": "Gene co-expression network analysis",
                "analysis_data": [
                    "data_1"
                ],
                "label": null
            }
        ],
        "results": [
            {
                "analysis_id": "analysis_1",
                "metrics": null,
                "value": null,
                "features": [
                    "cHep",
                    "HSC",
                    "EC",
                    "macrophage",
                    "lymphocyte",
                    "cholangiocyte"
                ]
            },
            {
                "analysis_id": "analysis_2",
                "metrics": null,
                "value": null,
                "features": [
                    "ACOX2",
                    "ADH1C",
                    "CAT",
                    "COL6A1",
                    "COL4A4"
                ]
            },
            {
                "analysis_id": "analysis_3",
                "metrics": null,
                "value": null,
                "features": [
                    "INHBA",
                    "INHBB",
                    "INHBC",
                    "ACVR1B",
                    "ACVR2A",
                    "ACVR2B"
                ]
            }
        ]
    }
]