[
    {
        "article_link": "https://doi.org/10.1016/j.immuni.2023.05.007",
        "data": [
            {
                "id": "data_1",
                "omics": "Multi-omics",
                "link": null,
                "format": null,
                "source": null,
                "public_id": null
            },
            {
                "id": "data_2",
                "omics": "Transcriptomics",
                "link": null,
                "format": null,
                "source": null,
                "public_id": null
            },
            {
                "id": "data_3",
                "omics": "Proteomics",
                "link": null,
                "format": null,
                "source": null,
                "public_id": null
            },
            {
                "id": "data_4",
                "omics": "Metabolomics",
                "link": null,
                "format": null,
                "source": null,
                "public_id": null
            },
            {
                "id": "data_5",
                "omics": "Immune Repertoires",
                "link": null,
                "format": null,
                "source": null,
                "public_id": null
            }
        ],
        "analyses": [
            {
                "id": "analysis_1",
                "analysis_name": "Multi-omics Integration",
                "analysis_data": [
                    "data_1",
                    "data_2",
                    "data_3",
                    "data_4",
                    "data_5"
                ],
                "label": null
            },
            {
                "id": "analysis_2",
                "analysis_name": "Plasma Proteome and Metabolome Analysis",
                "analysis_data": [
                    "data_3",
                    "data_4"
                ],
                "label": null
            },
            {
                "id": "analysis_3",
                "analysis_name": "Platelet Proteome and Transcriptome Analysis",
                "analysis_data": [
                    "data_2",
                    "data_3"
                ],
                "label": null
            },
            {
                "id": "analysis_4",
                "analysis_name": "Single-cell Transcriptome Analysis",
                "analysis_data": [
                    "data_2"
                ],
                "label": null
            },
            {
                "id": "analysis_5",
                "analysis_name": "Machine Learning Model for Re-positivity Prediction",
                "analysis_data": [
                    "data_3",
                    "data_4"
                ],
                "label": null
            }
        ],
        "results": [
            {
                "analysis_id": "analysis_1",
                "metrics": null,
                "value": null,
                "features": [
                    "Interferon-mediated antiviral signatures",
                    "Platelet-leukocyte aggregates"
                ]
            },
            {
                "analysis_id": "analysis_2",
                "metrics": null,
                "value": null,
                "features": [
                    "447 differentially expressed metabolites",
                    "476 differentially expressed proteins"
                ]
            },
            {
                "analysis_id": "analysis_3",
                "metrics": null,
                "value": null,
                "features": [
                    "Enhanced immune signatures",
                    "Reduced thrombosis"
                ]
            },
            {
                "analysis_id": "analysis_4",
                "metrics": null,
                "value": null,
                "features": [
                    "Platelet-leukocyte aggregates",
                    "Immune cell modulation"
                ]
            },
            {
                "analysis_id": "analysis_5",
                "metrics": "AUC",
                "value": "0.855",
                "features": [
                    "Clinical indicators",
                    "Plasma metabolites",
                    "Plasma proteins"
                ]
            }
        ]
    }
]