[
    {
        "article_link": "https://doi.org/10.3390/biology13040272",
        "data": [
            {
                "id": "data_1",
                "omics": "Metabolomics",
                "link": "https://www.ebi.ac.uk/metabolights/MTBLS8961",
                "format": "null",
                "source": "MetaboLights",
                "public_id": "MTBLS8961"
            },
            {
                "id": "data_2",
                "omics": "Proteomics",
                "link": "null",
                "format": "null",
                "source": "ProteomeXchange",
                "public_id": "PXD023526"
            },
            {
                "id": "data_3",
                "omics": "Genomics",
                "link": "null",
                "format": "null",
                "source": "Mendeley Data",
                "public_id": "10.17632/mgg6cf4j64.1"
            }
        ],
        "analyses": [
            {
                "id": "analysis_1",
                "analysis_name": "Metabolomics",
                "analysis_data": [
                    "data_1"
                ],
                "label": null
            },
            {
                "id": "analysis_2",
                "analysis_name": "Proteomics",
                "analysis_data": [
                    "data_2"
                ],
                "label": null
            },
            {
                "id": "analysis_3",
                "analysis_name": "Genomics",
                "analysis_data": [
                    "data_3"
                ],
                "label": null
            },
            {
                "id": "analysis_4",
                "analysis_name": "Multiomics",
                "analysis_data": [
                    "data_1",
                    "data_2",
                    "data_3"
                ],
                "label": null
            }
        ],
        "results": [
            {
                "analysis_id": "analysis_1",
                "metrics": "MAE",
                "value": "6.06 ± 0.33 kg/m2",
                "features": [
                    "Glutamic acid",
                    "Cystine"
                ]
            },
            {
                "analysis_id": "analysis_2",
                "metrics": "MAE",
                "value": "5.44 ± 0.31 kg/m2",
                "features": [
                    "SERPINF1",
                    "PROS1",
                    "FN1",
                    "CFH",
                    "C4BPA"
                ]
            },
            {
                "analysis_id": "analysis_3",
                "metrics": "MAE",
                "value": "6.14 ± 0.37 kg/m2",
                "features": [
                    "PDK3",
                    "PCYT1B",
                    "SLC6A4",
                    "DNMT3B",
                    "ATP8A1",
                    "CDK6"
                ]
            },
            {
                "analysis_id": "analysis_4",
                "metrics": "MAE",
                "value": "4.77 ± 0.33 kg/m2",
                "features": null
            }
        ]
    }
]