[
    {
        "article_link": "https://doi.org/10.1038/s41467-021-27801-8",
        "data": [
            {
                "id": "data_1",
                "omics": "Transcriptomics",
                "link": null,
                "format": "Processed Data",
                "source": "null",
                "public_id": "GSE166120"
            },
            {
                "id": "data_2",
                "omics": "Transcriptomics",
                "link": null,
                "format": "Processed Data",
                "source": "null",
                "public_id": "GSE165816"
            }
        ],
        "analyses": [
            {
                "id": "analysis_1",
                "analysis_name": "Single cell RNA sequencing",
                "analysis_data": [
                    "data_1"
                ],
                "label": null
            },
            {
                "id": "analysis_2",
                "analysis_name": "Spatial transcriptomics",
                "analysis_data": [
                    "data_2"
                ],
                "label": null
            }
        ],
        "results": [
            {
                "analysis_id": "analysis_1",
                "metrics": null,
                "value": null,
                "features": [
                    "MMP1",
                    "MMP3",
                    "MMP11",
                    "HIF1A",
                    "CHI3L1",
                    "TNFAIP6"
                ]
            },
            {
                "analysis_id": "analysis_2",
                "metrics": null,
                "value": null,
                "features": [
                    "PLA2G2A",
                    "FOS",
                    "TYMP",
                    "ANXA1"
                ]
            }
        ]
    }
]