[
    {
        "article_link": "https://doi.org/10.1038/s43018-022-00510-x",
        "data": [
            {
                "id": "data_1",
                "omics": "Proteomics",
                "link": null,
                "format": null,
                "source": "Clinical Proteomic Tumor Analysis Consortium (CPTAC)",
                "public_id": null
            },
            {
                "id": "data_2",
                "omics": "Phospho-proteomics",
                "link": null,
                "format": null,
                "source": "Clinical Proteomic Tumor Analysis Consortium (CPTAC)",
                "public_id": null
            },
            {
                "id": "data_3",
                "omics": "Metabolomics",
                "link": null,
                "format": null,
                "source": "Clinical Proteomic Tumor Analysis Consortium (CPTAC)",
                "public_id": null
            },
            {
                "id": "data_4",
                "omics": "Lipidomics",
                "link": null,
                "format": null,
                "source": "Clinical Proteomic Tumor Analysis Consortium (CPTAC)",
                "public_id": null
            },
            {
                "id": "data_5",
                "omics": "Acetylomics",
                "link": null,
                "format": null,
                "source": "Clinical Proteomic Tumor Analysis Consortium (CPTAC)",
                "public_id": null
            },
            {
                "id": "data_6",
                "omics": "Genomics",
                "link": null,
                "format": null,
                "source": "TCGA",
                "public_id": null
            },
            {
                "id": "data_7",
                "omics": "Transcriptomics",
                "link": null,
                "format": null,
                "source": "TCGA",
                "public_id": null
            }
        ],
        "analyses": [
            {
                "id": "analysis_1",
                "analysis_name": "Proteogenomic analysis",
                "analysis_data": [
                    "data_1",
                    "data_2",
                    "data_3",
                    "data_4",
                    "data_5"
                ],
                "label": null
            },
            {
                "id": "analysis_2",
                "analysis_name": "Differential analysis",
                "analysis_data": [
                    "data_6",
                    "data_7"
                ],
                "label": null
            },
            {
                "id": "analysis_3",
                "analysis_name": "Kinase activity analysis",
                "analysis_data": [
                    "data_2"
                ],
                "label": null
            }
        ],
        "results": [
            {
                "analysis_id": "analysis_1",
                "metrics": null,
                "value": null,
                "features": [
                    "PKCδ",
                    "DNA-PKcs"
                ]
            },
            {
                "analysis_id": "analysis_2",
                "metrics": null,
                "value": null,
                "features": [
                    "MET",
                    "NF1",
                    "EGFR",
                    "CDK6",
                    "CDKN2A"
                ]
            },
            {
                "analysis_id": "analysis_3",
                "metrics": null,
                "value": null,
                "features": [
                    "PKCδ",
                    "DNA-PKcs"
                ]
            }
        ]
    }
]