[
    {
        "article_link": "https://doi.org/10.1016/j.jare.2021.11.005",
        "data": [
            {
                "id": "data_1",
                "omics": "Proteomics",
                "link": "http://proteomecentral.proteomexchange.org",
                "format": "Processed Data",
                "source": "iProX",
                "public_id": "PXD025311"
            },
            {
                "id": "data_2",
                "omics": "Transcriptomics",
                "link": "https://www.ncbi.nlm.nih.gov/bioproject",
                "format": "Processed Data",
                "source": "NCBI",
                "public_id": "PRJNA722382"
            },
            {
                "id": "data_3",
                "omics": "Metabolomics",
                "link": "https://www.ebi.ac.uk/metabolights/index",
                "format": "Processed Data",
                "source": "MetaboLights",
                "public_id": "MTBLS2706"
            }
        ],
        "analyses": [
            {
                "id": "analysis_1",
                "analysis_name": "Proteomics",
                "analysis_data": [
                    "data_1"
                ],
                "label": null
            },
            {
                "id": "analysis_2",
                "analysis_name": "Transcriptomics",
                "analysis_data": [
                    "data_2"
                ],
                "label": null
            },
            {
                "id": "analysis_3",
                "analysis_name": "Metabolomics",
                "analysis_data": [
                    "data_3"
                ],
                "label": null
            },
            {
                "id": "analysis_4",
                "analysis_name": "Integrative multiomics analysis",
                "analysis_data": [
                    "analysis_1",
                    "analysis_2",
                    "analysis_3"
                ],
                "label": null
            }
        ],
        "results": [
            {
                "analysis_id": "analysis_1",
                "metrics": null,
                "value": null,
                "features": [
                    "C1R",
                    "C2",
                    "C3",
                    "C7",
                    "CFB",
                    "CFH",
                    "CFI",
                    "FGA",
                    "FGB",
                    "FGG",
                    "SERPINC1",
                    "SERPING1",
                    "SERPINE1"
                ]
            },
            {
                "analysis_id": "analysis_2",
                "metrics": null,
                "value": null,
                "features": [
                    "195 mRNAs",
                    "82 lncRNAs",
                    "55 miRNAs"
                ]
            },
            {
                "analysis_id": "analysis_3",
                "metrics": null,
                "value": null,
                "features": [
                    "Vitamin digestion and absorption",
                    "Vitamin B9 (folate) metabolism",
                    "Vitamin H (biotin) metabolism"
                ]
            },
            {
                "analysis_id": "analysis_4",
                "metrics": null,
                "value": null,
                "features": [
                    "Cytokine storm",
                    "Complement and clotting cascades",
                    "Endothelial barrier",
                    "20S proteasome-dependent protein degradation",
                    "Vitamin metabolism"
                ]
            }
        ]
    }
]