[
    {
        "article_link": "https://doi.org/10.1080/07853890.2023.2261477",
        "data": [
            {
                "id": "data_1",
                "omics": "Genomics",
                "link": null,
                "format": "Fastq",
                "source": "NCBI SRA",
                "public_id": "PRJNA795271"
            },
            {
                "id": "data_2",
                "omics": "Genomics",
                "link": null,
                "format": "Fastq",
                "source": "NCBI SRA",
                "public_id": "PRJNA795830"
            }
        ],
        "analyses": [
            {
                "id": "analysis_1",
                "analysis_name": "Metagenomic sequencing",
                "analysis_data": [
                    "data_1"
                ],
                "label": null
            },
            {
                "id": "analysis_2",
                "analysis_name": "mRNA and miRNA sequencing",
                "analysis_data": [
                    "data_2"
                ],
                "label": null
            },
            {
                "id": "analysis_3",
                "analysis_name": "Metabolomic analysis",
                "analysis_data": [
                    "data_1"
                ],
                "label": null
            },
            {
                "id": "analysis_4",
                "analysis_name": "Differential analysis",
                "analysis_data": [
                    "analysis_1",
                    "analysis_2",
                    "analysis_3"
                ],
                "label": null
            }
        ],
        "results": [
            {
                "analysis_id": "analysis_2",
                "metrics": null,
                "value": null,
                "features": [
                    "miR-758-3p",
                    "miR-488-3p",
                    "miR-132-5p",
                    "miR-335-3p",
                    "miR-5114",
                    "hsa-miR-1260b",
                    "miR-503-5p",
                    "miR-3968",
                    "cgr-miR-1260",
                    "miR-20a-5p"
                ]
            },
            {
                "analysis_id": "analysis_1",
                "metrics": null,
                "value": null,
                "features": [
                    "Escherichia coli",
                    "Shigella flexneri",
                    "Bifidobacterium pseudolongum"
                ]
            },
            {
                "analysis_id": "analysis_3",
                "metrics": null,
                "value": null,
                "features": [
                    "Histamine",
                    "N-Acetylhistamine",
                    "Glycocholic acid",
                    "syringic acid",
                    "3-Methoxybenzaldehyde",
                    "Adipic acid",
                    "Celastrol",
                    "Thymidine 5′-monophosphate"
                ]
            }
        ]
    }
]