{
    "article_id": "https://www.ncbi.nlm.nih.gov/pmc/articles/PMC9756634/",
    "data": [
        {
            "id": "data_1",
            "omics": "Gene expression profiles",
            "source": "Gene Expression Omnibus (GEO)",
            "link": "https://www.ncbi.nlm.nih.gov/geo/query/acc.cgi?acc=GSE38642",
            "format": "",
            "public_id": "GSE38642"
        },
        {
            "id": "data_2",
            "omics": "DNA methylation profiles",
            "source": "Gene Expression Omnibus (GEO)",
            "link": "https://www.ncbi.nlm.nih.gov/geo/query/acc.cgi?acc=GSE21232",
            "format": "",
            "public_id": "GSE21232"
        },
        {
            "id": "data_3",
            "omics": "Gene expression profiles",
            "source": "Gene Expression Omnibus (GEO)",
            "link": "",
            "format": "",
            "public_id": "GSE25724"
        },
        {
            "id": "data_4",
            "omics": "Genomics",
            "source": "Mergeomics web server",
            "link": "",
            "format": "",
            "public_id": "Nature 536(7614): 41–47."
        },
        {
            "id": "data_5",
            "omics": "",
            "source": "GEO database",
            "link": "https://www.ncbi.nlm.nih.gov/geo/query/acc.cgi?acc=GSE77943",
            "format": "",
            "public_id": "GSE77943"
        }
    ],
    "analyses": [
        {
            "id": "analysis_1",
            "analysis_name": "Marker set enrichment analysis (MSEA)",
            "analysis_data": ["data_1", "data_2", "data_4"]
        },
        {
            "id": "analysis_2",
            "analysis_name": "Weighted key driver analysis (wKDA)",
            "training_set": ["data_1", "data_2", "data_4"],
            "test_set": ["data_3", "data_5"]
        },
        {
            "id": "analysis_3",
            "analysis_name": "Co-expression network",
            "analysis_data": ["analysis_2"]
        },
        {
            "id": "analysis_4",
            "analysis_name": "Functional Enrichment Analysis",
            "analysis_data": ["analysis_3"]
        },
        {
            "id": "analysis_5",
            "analysis_name": "Prediction of transcription factors",
            "analysis_data": ["analysis_2"]
        }
    ],
    "results": [
        {
            "analysis_id": "analysis_2",
            "metrics": "AUC",
            "value": [0.928, 1.000, 0.952, 0.833],
            "features": ["COL5A1", "IRF7", "CD74", "HLA-DRB1"]
        }
    ]
}