{
    "article_id": "https://www.sciencedirect.com/science/article/pii/S2666379123004111",
    "data": [
        {
            "id": "data_1",
            "omics": "Bulk transcriptome",
            "source": "National Omics Data Encyclopedia",
            "link": "http://www.biosino.org/node",
            "format": "",
            "public_id": ["OEP003152", "OER330659"]
        },
        {
            "id": "data_2",
            "omics": "Metabolome",
            "source": "National Omics Data Encyclopedia",
            "link": "http://www.biosino.org/node",
            "format": "",
            "public_id": ["OEP003152", "OER330659"]
        },
        {
            "id": "data_3",
            "omics": "Proteome",
            "source": "National Omics Data Encyclopedia",
            "link": "http://www.biosino.org/node",
            "format": "",
            "public_id": ["OEP003152", "OER330659"]
        },
        {
            "id": "data_4",
            "omics": "single-cell RNA sequencing",
            "source": "National Omics Data Encyclopedia",
            "link": "http://www.biosino.org/node",
            "format": "",
            "public_id": ["OEP003152", "OER330659"]
        },
        {
            "id": "data_5",
            "omics": "Bulk transcriptome",
            "source": "TCGA",
            "link": "http://www.cbioportal.org/",
            "format": "",
            "public_id": ""
        },
        {
            "id": "data_6",
            "omics": "Bulk transcriptome",
            "source": "",
            "link": "",
            "format": "",
            "public_id": "GSE71729"
        },
        {
            "id": "data_7",
            "omics": "Bulk transcriptome",
            "source": "",
            "link": "",
            "format": "",
            "public_id": "E-MTAB-6134"
        },
        {
            "id": "data_8",
            "omics": "",
            "source": "",
            "link": "http://bioinformatics.mdanderson.org/main/TCPA:Overview",
            "format": "",
            "public_id": ""
        },
        {
            "id": "data_9",
            "omics": "Spatial transcriptome",
            "source": "",
            "link": "",
            "format": "",
            "public_id": ""
        },
        {
            "id": "data_10",
            "omics": "Spatial metabolome",
            "source": "",
            "link": "",
            "format": "",
            "public_id": ""
        }
    ],
    "analyses": [
        {
            "id": "analysis_1",
            "analysis_name": "Transcriptomics",
            "analysis_data": ["data_1"]
        },
        {"id": "analysis_2", "analysis_name": "Proteomics", "analysis_data": ["data_2"]},
        {
            "id": "analysis_3",
            "analysis_name": "Differential analysis",
            "analysis_data": ["analysis_1"],
            "label": {"treated":  ["NAC", "UR"]}
        },
        {
            "id": "analysis_4",
            "analysis_name": "Survival analysis",
            "training_set": ["analysis_3"],
            "test_set": ["data_5", "data_6", "data_7"],
            "label": {"treated":  ["NAC", "UR"]}
        },
        {
            "id": "analysis_5",
            "analysis_name": "Functional Enrichment Analysis",
            "training_set": ["analysis_3"],
            "test_set": ["data_5", "data_6", "data_7"]
        },
        {
            "id": "analysis_7",
            "analysis_name": "Differential analysis",
            "analysis_data": ["analysis_2"],
            "label": {"treated":  ["NAC", "UR"]}
        },
        {
            "id": "analysis_8",
            "analysis_name": "Functional Enrichment Analysis",
            "analysis_data": ["analysis_7"]
        },
        {
            "id": "analysis_10",
            "analysis_name": "Single cell Transcriptomics",
            "analysis_data": ["data_4"]
        },
        {
            "id": "analysis_11",
            "analysis_name": "Single cell Clustering",
            "analysis_data": ["analysis_10"]
        },
        {
            "id": "analysis_12",
            "analysis_name": "Single cell TCR-seq",
            "analysis_data": ["data_4"]
        },
        {
            "id": "analysis_13",
            "analysis_name": "relative abundance of immune cells",
            "analysis_data": ["analysis_1"]
        },
        {
            "id": "analysis_14",
            "analysis_name": "Spatial transcriptome",
            "analysis_data": ["data_9"]
        },
        {"id": "analysis_15", "analysis_name": "Metabolomics", "analysis_data": ["data_2"]},
        {
            "id": "analysis_16",
            "analysis_name": "Differential analysis",
            "analysis_data": ["analysis_15"],
            "label": {"treated":  ["NAC", "UR"]}
        },
        {
            "id": "analysis_17",
            "analysis_name": "Bray‒Curtis NMDS",
            "analysis_data": ["analysis_16"]
        },
        {
            "id": "analysis_18",
            "analysis_name": "Principal coordinate analysis (PCoA)",
            "analysis_data": ["analysis_16"]
        },
        {
            "id": "analysis_19",
            "analysis_name": "Principal component analysis (PCA)",
            "analysis_data": ["analysis_15"]
        },
        {"id": "analysis_20", "analysis_name": "ROC", "analysis_data": ["analysis_15"], "label": {"treated":  ["NAC", "UR"]}},
        {
            "id": "analysis_21",
            "analysis_name": "Spatial metabolomics",
            "analysis_data": ["data_10"]
        }
    ]
}