{
    "article_id": "https://www.ncbi.nlm.nih.gov/pmc/articles/PMC10543339/",
    "data": [
        {
            "id": "data_1",
            "omics": "Metagenomic sequencing",
            "source": "NCBI SRA",
            "link": "",
            "format": "Raw reads",
            "public_id": ["PRJNA795271", "PRJNA795830"]
        },
        {
            "id": "data_2",
            "omics": "Small RNA sequencing",
            "source": "NCBI SRA",
            "link": "",
            "format": "Raw reads",
            "public_id": ["PRJNA795271", "PRJNA795830"]
        },
        {
            "id": "data_3",
            "omics": "mRNA sequencing",
            "source": "NCBI SRA",
            "link": "",
            "format": "Raw reads",
            "public_id": ["PRJNA795271", "PRJNA795830"]
        },
        {
            "id": "data_4",
            "omics": "Metabolomic ",
            "source": "",
            "link": "",
            "format": "",
            "public_id": ""
        }
    ],
    "analyses": [
        {"id": "analysis_1", "analysis_name": "Metagenomics", "analysis_data": ["data_1"]},
        {
            "id": "analysis_2",
            "analysis_name": "Small RNA sequencing Pipeline",
            "analysis_data": ["data_2"]
        },
        {
            "id": "analysis_3",
            "analysis_name": "Transcriptomics",
            "analysis_data": ["data_3"]
        },
        {"id": "analysis_4", "analysis_name": "Metabolomics", "analysis_data": ["data_4"]},
        {
            "id": "analysis_5",
            "analysis_name": "Differential Analysis",
            "analysis_data": ["analysis_3"],
            "label": {"tissue": ["colitis", "normal"]}
        },
        {
            "id": "analysis_6",
            "analysis_name": "Functional Enrichment Analysis",
            "analysis_data": ["analysis_5"]
        },
        {
            "id": "analysis_7",
            "analysis_name": "Differential Analysis",
            "analysis_data": ["analysis_2"],
            "label": {"tissue": ["colitis", "normal"]}
        },
        {
            "id": "analysis_8",
            "analysis_name": "miRNA target prediction",
            "analysis_data": ["analysis_7"]
        },
        {
            "id": "analysis_9",
            "analysis_name": "Functional Enrichment Analysis",
            "analysis_data": ["analysis_8"]
        },
        {
            "id": "analysis_10",
            "analysis_name": "Principal coordinate analysis (PCoA)",
            "analysis_data": ["analysis_1"]
        },
        {
            "id": "analysis_11",
            "analysis_name": "Differential Analysis",
            "analysis_data": ["analysis_1"],
            "label": {"gut microbiota" : ["colitis mice", "control"]}
        },
        {
            "id": "analysis_12",
            "analysis_name": "Functional Enrichment Analysis",
            "analysis_data": ["analysis_11"]
        },
        {
            "id": "analysis_13",
            "analysis_name": "Differential Analysis",
            "analysis_data": ["analysis_4"],
            "label": {"metabolites in the intestinal microbiota": ["colitis mice", "control"]}
        },
        {
            "id": "analysis_14",
            "analysis_name": "Correlation",
            "analysis_data": ["analysis_11", "analysis_13"]
        },
        {
            "id": "analysis_15",
            "analysis_name": "Correlation",
            "analysis_data": ["analysis_7", "analysis_11", "analysis_13"]
        }
    ],
    "results": [
        {
            "analysis_id": "analysis_5",
            "features": [
                "Nos2",
                "Hgf",
                "Lama1",
                "Csf3r",
                "Csf2rb2",
                "Col4a1",
                "Col4a2",
                "Adcy2",
                "Adcy4",
                "Gstm3",
                "Gstm6",
                "Ccl2",
                "Cxcl1",
                "Cxcl2",
                "Cxcl3",
                "Il11",
                "Il19",
                "Il6",
                "Il1b",
                "Tnf",
                "Tnfrsf4",
                "Tgfb1",
                "Tgfb2",
                "Tgfb3"
            ]
        },
        {
            "analysis_id": "analysis_7",
            "features": [
                "miR-758-3p",
                "miR-488-3p",
                "miR-132-5p",
                "and miR-335-3p",
                "miR-5114",
                "hsa-miR-1260b",
                "miR-503-5p",
                "miR-3968",
                "cgr-miR-1260",
                "miR-20a-5p"
            ]
        },
        {
            "analysis_id": "analysis_11",
            "features": [
                "Bacteroides",
                "Escherichia",
                "Faecalibaculum",
                "Lactobacillus",
                "Bifidobacterium",
                "Escherichia coli",
                "Shigella flexneri",
                "Bifidobacterium pseudolongum"
            ]
        },
        {
            "analysis_id": "analysis_13",
            "features": [
                "Histamine",
                "N-Acetylhistamine",
                "Glycocholic acid",
                "syringic acid",
                "3-Methoxybenzaldehyde",
                "Adipic acid",
                "Celastrol",
                "Thymidine 5′-monophosphate"
            ]
        }
    ]
}