{
    "article_id": "https://www.ncbi.nlm.nih.gov/pmc/articles/PMC11048234/",
    "data": [
        {
            "id": "data_1",
            "omics": "Proteome",
            "link": "",
            "format": "Raw proteome data",
            "source": "ProteomeXchange",
            "public_id": "PXD023526"
        },
        {
            "id": "data_2",
            "omics": "Metabolome",
            "link": "",
            "format": "Raw metabolome data",
            "source": "MetaboLights",
            "public_id": "MTBLS8961"
        },
        {
            "id": "data_3",
            "omics": "Genotyping data",
            "link": "",
            "format": "Genotyping data",
            "source": "Mendeley Data Portal",
            "public_id": "10.17632/mgg6cf4j64.1"
        },
        {
            "id": "data_4",
            "omics": "proteome",
            "link": "",
            "source": "Mendeley Data Portal",
            "format": "Raw proteome data",
            "public_id": "10.17632/t255cjz787.1"
        },
        {
            "id": "data_5",
            "omics": "metabolome",
            "link": "",
            "source": "Mendeley Data Portal",
            "format": "Raw metabolome data",
            "public_id": "10.17632/t255cjz787.1"
        }
    ],
    "analyses": [
        {
            "id": "analysis_1",
            "analysis_name": "Regression Analysis",
            "training_set": ["data_3"],
            "label": {"patient BMI":  ["patient BMI"]}
        },
        {"id": "analysis_2", "analysis_name": "Proteomics", "analysis_data": ["data_1"]},
        {
            "id": "analysis_3",
            "analysis_name": "Regression Analysis",
            "training_set": ["analysis_2"],
            "label": {"patient BMI":  ["patient BMI"]}
        },
        {
            "id": "analysis_4",
            "analysis_name": "Functional Enrichment Analysis",
            "analysis_data": ["analysis_3"]
        },
        {"id": "analysis_5", "analysis_name": "Metabolomics", "analysis_data": ["data_2"]},
        {
            "id": "analysis_6",
            "analysis_name": "Regression Analysis",
            "training_set": ["analysis_5"],
            "label": {"patient BMI":  ["patient BMI"]}
        },
        {
            "id": "analysis_7",
            "analysis_name": "Functional Enrichment Analysis",
            "analysis_data": ["analysis_6"]
        },
        {
            "id": "analysis_8",
            "analysis_name": "Regression Analysis",
            "training_set": ["data_3", "analysis_2", "analysis_5"],
            "label": {"patient BMI":  ["patient BMI"]}
        },
        {
            "id": "analysis_9",
            "analysis_name": "overrepresentation analysis",
            "analysis_data": ["analysis_2"]
        },
        {
            "id": "analysis_10",
            "analysis_name": "Least Square (sPLS) regression",
            "analysis_data": ["analysis_2", "analysis_5"],
            "label": {"patient BMI":  ["patient BMI"]}
        },
        {
            "id": "analysis_11",
            "analysis_name": "Least Square (sPLS) regression",
            "analysis_data": ["analysis_5", "data_3"],
            "label": {"patient BMI":  ["patient BMI"]}
        },
        {
            "id": "analysis_12",
            "analysis_name": "Least Square (sPLS) regression",
            "analysis_data": ["analysis_2", "data_3"],
            "label": {"patient BMI":  ["patient BMI"]}
        }
    ],
    "results": [
        {
            "analysis_id": "analysis_1",
            "metrics": "average prediction accuracy",
            "value": "6.14 ± 0.37 kg/m2",
            "features": ["PDK3", "PCYT1B", "SLC6A4", "DNMT3B", "ATP8A1", "CDK6"]
        },
        {
            "analysis_id": "analysis_6",
            "metrics": "MAE",
            "value": "6.06 ± 0.33 kg/m2"
        },
        {
            "analysis_id": "analysis_8",
            "metrics": "MAE",
            "value": "5.08 ± 0.32 kg/m2"
        },
        {
            "analysis_id": "analysis_9",
            "metrics": "MAE",
            "value": "5.44 ± 0.31 kg/m2"
        },
        {
            "analysis_id": "analysis_10",
            "metrics": "MAE",
            "value": "4.77 ± 0.33 kg/m2"
        },
        {
            "analysis_id": "analysis_11",
            "metrics": "MAE",
            "value": "5.83 ± 0.37 kg/m2"
        },
        {
            "analysis_id": "analysis_12",
            "metrics": "MAE",
            "value": "5.54 ± 0.31 kg/m2"
        }
    ]
}