{
    "article_id": "https://www.ncbi.nlm.nih.gov/pmc/articles/PMC10949980/",
    "data": [
        {
            "id": "data_1",
            "omics": "WES",
            "link": "https://www.biosino.org/node/project/detail/OEP003191",
            "format": "original and matrix format data",
            "source": "biosino NODE database",
            "public_id": "OEP003191"
        },
        {
            "id": "data_2",
            "omics": "RNA-seq",
            "link": "https://www.biosino.org/node/project/detail/OEP003191",
            "format": "original and matrix format data",
            "source": "biosino NODE database",
            "public_id": "OEP003191"
        },
        {
            "id": "data_3",
            "omics": "RRBS",
            "link": "https://www.biosino.org/node/project/detail/OEP003191",
            "format": "original and matrix format data",
            "source": "biosino NODE database",
            "public_id": "OEP003191"
        },
        {
            "id": "data_4",
            "omics": "proteomics",
            "link": "https://www.biosino.org/node/project/detail/OEP003191",
            "format": "original and matrix format data",
            "source": "biosino NODE database",
            "public_id": "OEP003191"
        },
        {
            "id": "data_5",
            "omics": "phosphor-proteomics",
            "link": "https://www.biosino.org/node/project/detail/OEP003191",
            "format": "original and matrix format data",
            "source": "biosino NODE database",
            "public_id": "OEP003191"
        },
        {
            "id": "data_6",
            "omics": "transcriptomic profiles",
            "link": "",
            "format": "",
            "source": "TCGA",
            "public_id": "HCC datasets"
        },
        {
            "id": "data_7",
            "omics": "transcriptomic profiles",
            "link": "",
            "format": "",
            "source": "CPTAC",
            "public_id": "HCC datasets"
        },
        {
            "id": "data_8",
            "omics": "transcriptomic profiles",
            "link": "",
            "format": "",
            "source": "LIMORE",
            "public_id": ""
        }
    ],
    "analyses": [
        {"id": "analysis_1", "analysis_name": "Genomics", "analysis_data": ["data_1"]},
        {
            "id": "analysis_2",
            "analysis_name": "Transcriptomics",
            "analysis_data": ["data_2"]
        },
        {"id": "analysis_3", "analysis_name": "Methylation", "analysis_data": ["data_3"]},
        {"id": "analysis_4", "analysis_name": "Proteomics", "analysis_data": ["data_4"]},
        {"id": "analysis_5", "analysis_name": "Proteomics", "analysis_data": ["data_5"]},
        {"id": "analysis_6", "analysis_name": "Correlation", "analysis_data": ["data_1"]},
        {"id": "analysis_7", "analysis_name": "Correlation", "analysis_data": ["data_3"]},
        {"id": "analysis_8", "analysis_name": "Correlation", "analysis_data": ["data_2"]},
        {"id": "analysis_9", "analysis_name": "Correlation", "analysis_data": ["data_4"]},
        {
            "id": "analysis_10",
            "analysis_name": "Differential Analysis",
            "analysis_data": ["data_4"],
            "label": {"sample":  ["organoids", "tumor tissues"]}
        },
        {
            "id": "analysis_11",
            "analysis_name": "Principal component analysis (PCA)",
            "analysis_data": ["analysis_2", "data_6", "data_7", "data_8"]
        },
        {
            "id": "analysis_12",
            "analysis_name": "Correlation",
            "analysis_data": ["analysis_2", "data_6", "data_7", "data_8"]
        },
        {
            "id": "analysis_13",
            "analysis_name": "Functional enrichment analysis",
            "analysis_data": ["analysis_2", "data_6", "data_7", "data_8"]
        },
        {
            "id": "analysis_14",
            "analysis_name": "Principal component analysis (PCA)",
            "analysis_data": ["analysis_3"]
        },
        {
            "id": "analysis_15",
            "analysis_name": "Principal component analysis (PCA)",
            "analysis_data": ["analysis_2"]
        },
        {
            "id": "analysis_16",
            "analysis_name": "Principal component analysis (PCA)",
            "analysis_data": ["analysis_4"]
        },
        {
            "id": "analysis_17",
            "analysis_name": "Consensus clustering",
            "analysis_data": [
                "analysis_1",
                "analysis_2",
                "analysis_3",
                "analysis_4",
                "analysis_5"
            ],
            "label": {"cluster": ["L-LM", "L-PL", "L-ICC", "L-DM"]}
        },
        {
            "id": "analysis_18",
            "analysis_name": "Functional Enrichment Analysis",
            "analysis_data": [
                "analysis_1",
                "analysis_2",
                "analysis_3",
                "analysis_4",
                "analysis_5"
            ]
        },
        {
            "id": "analysis_19",
            "analysis_name": "Survival analysis",
            "training_set": ["data_7"],
            "label": {"cluster": ["L-LM", "L-PL", "L-DM"]}
        },
        {
            "id": "analysis_20",
            "analysis_name": "Regression Analysis",
            "training_set": ["data_1", "data_2", "data_3", "data_4"],
             "label": {"AUC in the LICOB for indicated drugs":  ["predicted AUC", "measured AUC"]}
        },
        {
            "id": "analysis_21",
            "analysis_name": "mutation frequencies",
            "analysis_data": ["analysis_2"],
            "label": {"group": ["organoids", "tissues"]}
        },
        {
            "id": "analysis_22",
            "analysis_name": "differentially analysis",
            "analysis_data": ["analysis_1"],
            "label": {"group": ["paired", "unpaired"]}
        },
        {
            "id": "analysis_23",
            "analysis_name": "differentially analysis",
            "analysis_data": ["analysis_3"],
            "label": {"group": ["paired", "unpaired"]}
        },
        {
            "id": "analysis_24",
            "analysis_name": "differentially analysis",
            "analysis_data": ["analysis_2"],
            "label": {"group": ["paired", "unpaired"]}
        },
        {
            "id": "analysis_25",
            "analysis_name": "differentially analysis",
            "analysis_data": ["analysis_4"],
            "label": {"group": ["paired", "unpaired"]}
        },
        {
            "id": "analysis_26",
            "analysis_name": "survival analysis",
            "analysis_data": ["data_7"],
            "label": {"group": ["G6PD high", "G6PD low"]}
        }
    ],
    "results": [
        {
            "analysis_id": "analysis_9",
            "metrics": "Correlation,R",
            "value": [0.66],
            "features": ["G6PD,PGD"]
        },
        {
            "analysis_id": "analysis_9",
            "metrics": "Correlation,p",
            "value": [2.8e-9],
            "features": ["G6PD,PGD"]
        },
        {
            "analysis_id": "analysis_9",
            "metrics": "Correlation,R",
            "value": [0.79],
            "features": ["G6PD,TKT"]
        },
        {
            "analysis_id": "analysis_9",
            "metrics": "Correlation,p",
            "value": [8e-15],
            "features": ["G6PD,TKT"]
        },
        {
            "analysis_id": "analysis_9",
            "metrics": "Correlation,R",
            "value": [0.85],
            "features": ["G6PD,TALDO1"]
        },
        {
            "analysis_id": "analysis_9",
            "metrics": "Correlation,p",
            "value": [6.1e-9],
            "features": ["G6PD,TALDO1"]
        },
        {
            "analysis_id": "analysis_10",
            "metrics": "P",
            "value": [0.006, 0.026, 0.027, 0.03],
            "features": ["SCAF11", "TUBGCP6", "RBM33", "PLEC"]
        },
        {"analysis_id": "analysis_19", "metrics": "OS,p", "value": [6.2e-6]},
        {
            "analysis_id": "analysis_21",
            "metrics": "R",
            "value": [0.78, 0.69, 0.68, 0.03],
            "features": ["regorafenib", "sorafenib", "lenvatinib"]
        },
        {
            "analysis_id": "analysis_22",
            "metrics": "p",
            "value": ["p<2.22e-16"],
            "features": ["correlation"]
        },
        {
            "analysis_id": "analysis_23",
            "metrics": "p",
            "value": [2.2e-7],
            "features": ["correlation"]
        },
        {
            "analysis_id": "analysis_26",
            "metrics": "OS,p",
            "value": [6.5e-4],
            "features": ["G6PD"]
        },
        {
            "analysis_id": "analysis_24",
            "metrics": "p",
            "value": ["p<2.2e-16"],
            "features": ["correlation"]
        },
        {
            "analysis_id": "analysis_25",
            "metrics": "p",
            "value": [7.6e-12],
            "features": ["correlation"]
        }
    ]
}