{
    "article_id": "https://www.ncbi.nlm.nih.gov/pmc/articles/PMC10694626/",
    "data": [
        {
            "id": "data_1",
            "omics": "Metabolomics",
            "source": "EMBL-EBI MetaboLights",
            "link": "https://www.ebi.ac.uk/metabolights/",
            "format": "",
            "public_id": "MTBLS7337"
        },
        {
            "id": "data_2",
            "omics": "Proteomics",
            "source": "EBI ProteomeXchange",
            "link": "https://peptideatlas.org/",
            "format": "",
            "public_id": "PASS03810"
        },
        {
            "id": "data_3",
            "omics": "Multiplexed cytokine assays",
            "source": "supplemental data in the supplemental information section",
            "link": "",
            "format": "",
            "public_id": ""
        },
        {
            "format": "",
            "id": "data_4",
            "link": "https://www.ncbi.nlm.nih.gov/pmc/articles/PMC10694626/bin/mmc3.xlsx",
            "omics": "Proteomics",
            "public_id": "",
            "source": ""
        },
        {
            "format": "",
            "id": "data_5",
            "link": "https://www.ncbi.nlm.nih.gov/pmc/articles/PMC10694626/bin/mmc3.xlsx",
            "omics": "Metabolomics",
            "public_id": "",
            "source": ""
        }
    ],
    "analyses": [
        {"id": "analysis_1", "analysis_name": "Metabolomics", "analysis_data": "data_1"},
        {"id": "analysis_2", "analysis_name": "Proteomics", "analysis_data": "data_2"},
        {
            "id": " analysis_3",
            "analysis_name": "Principal component analysis (PCA)",
            "analysis_data": ["analysis_1", "analysis_2", "data_3"]
        },
        {
            "id": "analysis_4",
            "analysis_name": "Differential analysis",
            "analysis_data": ["analysis_1", "analysis_2", "data_3"],
            "label": {"Infection":  ["Acute", "Control"]}
        },
        {
            "id": "analysis_5",
            "analysis_name": "Differential analysis",
            "analysis_data": ["analysis_1", "analysis_2", "data_3"],
            "label": {"Infection":  ["Convalescence", "Acute"]}
        },
        {
            "id": "analysis_6",
            "analysis_name": "Functional Enrichment Analysis",
            "analysis_data": ["analysis_4"]
        },
        {
            "id": "analysis_7",
            "analysis_name": "Classification Analysis",
            "training_set": ["analysis_1", "analysis_2", "data_3"],
            "label": {"adverse clinical outcomes during convalescence":  ["True", "False"]}
        }
    ],
    "results": [
        {
            "analysis_id": "analysis_4",
            "features": ["thrombospondin-1", "glutamine", "serotonin", "sCD40L"]
        },
        {
            "analysis_id": "analysis_7",
            "metrics": "AUC",
            "value": [0.83, 0.86, 0.80, 0.78, 0.96],
            "features": [
                "combined omics",
                "cytokines",
                "proteomics",
                "metabolomics",
                [
                    "IL-27",
                    "G-CSF",
                    "N-Acetyl-Alanine",
                    "Taurine",
                    "Cer(d18:1/16:0)",
                    "alpha-Aminoadipic acid",
                    "TG(16:1_38:3)",
                    "Cer(d18:1/24:1)",
                    "MCP-3",
                    "Guanidoacetic acid",
                    "Asymmetric dimethylarginine",
                    "IL-22",
                    "Spermidine",
                    "C16",
                    "IL-15",
                    "PDGF-AB/BB",
                    "Methylhistidine",
                    "TG(20:3_36:3)",
                    "C18:1OH",
                    "IL-10"
                ]
            ]
        },
        {
            "analysis_id": "analysis_7",
            "metrics": "accuracy",
            "value": [0.75, 0.83],
            "features": [
                "combined omics",
                [
                    "IL-27",
                    "G-CSF",
                    "N-Acetyl-Alanine",
                    "Taurine",
                    "Cer(d18:1/16:0)",
                    "alpha-Aminoadipic acid",
                    "TG(16:1_38:3)",
                    "Cer(d18:1/24:1)",
                    "MCP-3",
                    "Guanidoacetic acid",
                    "Asymmetric dimethylarginine",
                    "IL-22",
                    "Spermidine",
                    "C16",
                    "IL-15",
                    "PDGF-AB/BB",
                    "Methylhistidine",
                    "TG(20:3_36:3)",
                    "C18:1OH",
                    "IL-10"
                ]
            ]
        },
        {
            "analysis_id": "analysis_7",
            "metrics": "recall",
            "value": [0.40, 1.00],
            "features": [
                "combined omics",
                [
                    "IL-27",
                    "G-CSF",
                    "N-Acetyl-Alanine",
                    "Taurine",
                    "Cer(d18:1/16:0)",
                    "alpha-Aminoadipic acid",
                    "TG(16:1_38:3)",
                    "Cer(d18:1/24:1)",
                    "MCP-3",
                    "Guanidoacetic acid",
                    "Asymmetric dimethylarginine",
                    "IL-22",
                    "Spermidine",
                    "C16",
                    "IL-15",
                    "PDGF-AB/BB",
                    "Methylhistidine",
                    "TG(20:3_36:3)",
                    "C18:1OH",
                    "IL-10"
                ]
            ]
        },
        {
            "analysis_id": "analysis_7",
            "metrics": "F1 score",
            "value": [0.57, 0.83],
            "features": [
                "combined omics",
                [
                    "IL-27",
                    "G-CSF",
                    "N-Acetyl-Alanine",
                    "Taurine",
                    "Cer(d18:1/16:0)",
                    "alpha-Aminoadipic acid",
                    "TG(16:1_38:3)",
                    "Cer(d18:1/24:1)",
                    "MCP-3",
                    "Guanidoacetic acid",
                    "Asymmetric dimethylarginine",
                    "IL-22",
                    "Spermidine",
                    "C16",
                    "IL-15",
                    "PDGF-AB/BB",
                    "Methylhistidine",
                    "TG(20:3_36:3)",
                    "C18:1OH",
                    "IL-10"
                ]
            ]
        },
        {
            "analysis_id": "analysis_7",
            "metrics": "precision",
            "value": [1.00, 0.71],
            "features": [
                "combined omics",
                [
                    "IL-27",
                    "G-CSF",
                    "N-Acetyl-Alanine",
                    "Taurine",
                    "Cer(d18:1/16:0)",
                    "alpha-Aminoadipic acid",
                    "TG(16:1_38:3)",
                    "Cer(d18:1/24:1)",
                    "MCP-3",
                    "Guanidoacetic acid",
                    "Asymmetric dimethylarginine",
                    "IL-22",
                    "Spermidine",
                    "C16",
                    "IL-15",
                    "PDGF-AB/BB",
                    "Methylhistidine",
                    "TG(20:3_36:3)",
                    "C18:1OH",
                    "IL-10"
                ]
            ]
        }
    ]
}