{
    "article_id": "https://www.ncbi.nlm.nih.gov/pmc/articles/PMC11121447/",
    "data": [
        {
            "id": "data_1",
            "omics": "transcriptomic data",
            "link": "",
            "format": "raw files",
            "source": " Gene Expression Omnibus (GEO)",
            "public_id": "GSE261086"
        },
        {
            "id": "data_2",
            "omics": "proteomic data",
            "link": "https://www.ebi.ac.uk/pride/",
            "format": "raw files",
            "source": " ProteomeXchange",
            "public_id": "PXD050335"
        }
    ],
    "analyses": [
        {"analysis_name": "Transcriptomics", "analysis_data": "data_1", "id": "analysis_1"},
        {"analysis_name": "Proteomics", "analysis_data": "data_2", "id": "analysis_2"},
        {
            "id": "analysis_3",
            "analysis_name": "PCA analysis",
            "analysis_data": ["data_1", "data_2"],
            "label": {"group": ["Mucosa", "submucosa/wall"]}
        },
        {
            "id": "analysis_4",
            "analysis_name": "differentially expressed analysis",
            "analysis_data": ["analysis_3"],
            "label": {"group": ["Mucosa", "submucosa/wall"]}
        },
        {
            "id": "analysis_5",
            "analysis_name": "Over-representation analysis (ORA)",
            "analysis_data": ["analysis_4"]
        },
        {
            "id": "analysis_6",
            "analysis_name": "weighted gene co-expression network analysis (WGCNA)",
            "analysis_data": ["analysis_1"],
            "label": {"group": ["Mucosa", "submucosa/wall"]}
        },
        {
            "id": "analysis_7",
            "analysis_name": "differentially analysis",
            "analysis_data": ["analysis_1"],
            "label": {
                "group": [
                    "Normal,Inflamed",
                    "Normal,Non-Inflamed",
                    "Inflamed,Non-Inflamed"
                ]
            }
        },
        {
            "id": "analysis_8",
            "analysis_name": "Differential analysis",
            "analysis_data": "data_1",
            "label": {"label1": ["CD", "non-IBD"]}
        },
        {
            "id": "analysis_9",
            "analysis_name": "Differential analysis",
            "analysis_data": "data_2",
            "label": {"label1": ["CD", "non-IBD"]}
        }
    ],
    "results": [
        {
            "analysis_id": "analysis_5",
            "metrics": "p",
            "value": [0.015, "n.s", "n.s"],
            "features": ["Mucosa-T cells: CD4+ ACTIVATED Fos hi"]
        },
        {
            "analysis_id": "analysis_5",
            "metrics": "p",
            "value": [0.0011, "n.s", "n.s"],
            "features": ["Mucosa-T cells: CD4+ ACTIVATED Fos lo"]
        },
        {
            "analysis_id": "analysis_5",
            "metrics": "p",
            "value": [0.00016, "n.s", 0.036],
            "features": ["Mucosa-T cells: CD4+ memory"]
        },
        {
            "analysis_id": "analysis_5",
            "metrics": "p",
            "value": [0.007, "n.s", "n.s"],
            "features": ["Mucosa-T cells: CD8+ LP"]
        },
        {
            "analysis_id": "analysis_5",
            "metrics": "p",
            "value": [0.00062, "n.s", 0.0025],
            "features": ["Mucosa-T cells: Tregs"]
        },
        {
            "analysis_id": "analysis_5",
            "metrics": "p",
            "value": [0.028, "n.s", 0.031],
            "features": ["submucosa/wall-T cells: CD4+ activated Fos hi"]
        },
        {
            "analysis_id": "analysis_5",
            "metrics": "p",
            "value": [0.0057, "n.s", 0.016],
            "features": ["submucosa/wall-T cells: CD4+ activated Fos low"]
        },
        {
            "analysis_id": "analysis_5",
            "metrics": "p",
            "value": [0.035, "n.s", "n.s"],
            "features": ["submucosa/wall-T cells: CD4+ memory"]
        },
        {
            "analysis_id": "analysis_5",
            "metrics": "p",
            "value": [0.00015, "n.s", 0.011],
            "features": ["submucosa/wall-T cells: CD8+ LP"]
        },
        {
            "analysis_id": "analysis_5",
            "metrics": "p",
            "value": [0.017, "n.s", "n.s"],
            "features": ["submucosa/wall-T cells: Treg"]
        },
        {
            "analysis_id": "analysis_5",
            "metrics": "p",
            "value": ["n.s", "n.s", "n.s"],
            "features": ["Mucosa-B cells: Plasma"]
        },
        {
            "analysis_id": "analysis_5",
            "metrics": "p",
            "value": [0.007, "n.s", 0.0016],
            "features": ["Mucosa-B cells: Cycling B"]
        },
        {
            "analysis_id": "analysis_5",
            "metrics": "p",
            "value": ["n.s", "n.s", 0.0055],
            "features": ["Mucosa-B cells: Follicular"]
        },
        {
            "analysis_id": "analysis_5",
            "metrics": "p",
            "value": [8.6e-5, "n.s", 0.0005],
            "features": ["Submucosa/wall-B cells: Plasma"]
        },
        {
            "analysis_id": "analysis_5",
            "metrics": "p",
            "value": ["n.s", "n.s", "n.s"],
            "features": ["Submucosa/wall-B cells: Cycling B"]
        },
        {
            "analysis_id": "analysis_5",
            "metrics": "p",
            "value": [0.043, "n.s", "n.s"],
            "features": ["Submucosa/wall-B cells: Follicular"]
        },
        {
            "analysis_id": "analysis_5",
            "metrics": "p",
            "value": [0.0047, "n.s", 0.0016],
            "features": ["Mucosa-epithelial: Enterocyte progenitors"]
        },
        {
            "analysis_id": "analysis_5",
            "metrics": "p",
            "value": ["n.s", "n.s", "n.s"],
            "features": ["Mucosa-epithelial: Immature goblet"]
        },
        {
            "analysis_id": "analysis_5",
            "metrics": "p",
            "value": [0.00016, 0.0079, 0.00058],
            "features": ["Mucosa-epithelial: Immature enterocytes 2"]
        },
        {
            "analysis_id": "analysis_5",
            "metrics": "p",
            "value": [0.0047, "n.s", 0.036],
            "features": ["Mucosa-epithelial: Cycling TA"]
        },
        {
            "analysis_id": "analysis_5",
            "metrics": "p",
            "value": [0.00016, "n.s", 8.2e-5],
            "features": ["Mucosa-epithelial: BEST4 enterocytes"]
        },
        {
            "analysis_id": "analysis_5",
            "metrics": "p",
            "value": ["n.s", "n.s", "n.s"],
            "features": ["Mucosa-epithelial: Enterocytes"]
        },
        {
            "analysis_id": "analysis_5",
            "metrics": "p",
            "value": [0.00016, "n.s", 8.2e-5],
            "features": ["Mucosa-fibroblast: Inflammatory fibroblasts"]
        },
        {
            "analysis_id": "analysis_5",
            "metrics": "p",
            "value": [0.038, "n.s", 0.027],
            "features": ["Mucosa-fibroblast: Myofibroblasts"]
        },
        {
            "analysis_id": "analysis_5",
            "metrics": "p",
            "value": [0.028, "n.s", 0.046],
            "features": ["Mucosa-endothelial: Endothelial"]
        },
        {
            "analysis_id": "analysis_5",
            "metrics": "p",
            "value": [0.00016, "n.s", 0.0025],
            "features": ["Mucosa-endothelial: Post-capillary venules"]
        },
        {
            "analysis_id": "analysis_5",
            "metrics": "p",
            "value": [0.0057, "n.s", 0.0017],
            "features": ["Submucosa/wall-fibroblast: Inflammatory fibroblasts"]
        },
        {
            "analysis_id": "analysis_5",
            "metrics": "p",
            "value": [0.01, "n.s", 0.022],
            "features": ["Submucosa/wall-fibroblast: Myofibroblasts"]
        },
        {
            "analysis_id": "analysis_5",
            "metrics": "p",
            "value": [0.017, "n.s", 0.022],
            "features": ["Submucosa/wall-endothelial: Endothelial"]
        },
        {
            "analysis_id": "analysis_5",
            "metrics": "p",
            "value": ["n.s", "n.s", 0.031],
            "features": ["Submucosa/wall-endothelial: Post-capillary venules"]
        },
        {
            "analysis_id": "analysis_8",
            "features": [
                "GEM",
                "ATP2B4",
                "FERMT2",
                "CCBE1",
                "CALD1",
                "FAM129A",
                "PRUNE2",
                "BTG2",
                "PLCB1",
                "EPHB1",
                "CHRM3",
                "NEXN",
                "JAZF1",
                "FAXDC2",
                "DENND1C",
                "CYB561A3"
            ],
            "metrics": "",
            "value": ""
        },
        {
            "analysis_id": "analysis_9",
            "features": ["MAGI1", "ZC3H4"],
            "metrics": "",
            "value": ""
        }
    ]
}