{
    "article_id": "https://www.nature.com/articles/s41467-023-37614-6",
    "data": [
        {
            "id": "data_1",
            "omics": "single-cell sequencing",
            "link": "https://www.ncbi.nlm.nih.gov/geo/query/acc.cgi?acc=GSE150825",
            "format": "",
            "source": "Gene Expression Omnibus (GEO)",
            "public_id": "GSE150825"
        },
        {
            "id": "data_2",
            "omics": "single-cell sequencing",
            "link": "https://www.ncbi.nlm.nih.gov/geo/query/acc.cgi?acc=GSE150430",
            "format": "",
            "source": "Gene Expression Omnibus (GEO)",
            "public_id": "GSE150430"
        },
        {
            "id": "data_3",
            "omics": "single-cell sequencing",
            "link": "https://www.ncbi.nlm.nih.gov/geo/query/acc.cgi?acc=GSE162025",
            "format": "",
            "source": "Gene Expression Omnibus (GEO)",
            "public_id": "GSE162025"
        },
        {
            "id": "data_4",
            "omics": "bulk RNA sequencing",
            "link": "https://www.ncbi.nlm.nih.gov/geo/query/acc.cgi?acc=GSE68799",
            "format": "",
            "source": "Gene Expression Omnibus (GEO)",
            "public_id": "GSE68799"
        },
        {
            "id": "data_5",
            "omics": "bulk RNA sequencing",
            "link": "https://www.ncbi.nlm.nih.gov/geo/query/acc.cgi?acc=GSE102349",
            "format": "",
            "source": "Gene Expression Omnibus (GEO)",
            "public_id": "GSE102349"
        },
        {
            "id": "data_6",
            "omics": "bulk RNA sequencing",
            "link": "https://www.ncbi.nlm.nih.gov/geo/query/acc.cgi?acc=GSE53819",
            "format": "",
            "source": "Gene Expression Omnibus (GEO)",
            "public_id": "GSE53819"
        },
        {
            "id": "data_7",
            "omics": "bulk RNA sequencing",
            "link": "https://www.ncbi.nlm.nih.gov/geo/query/acc.cgi?acc=GSE13597",
            "format": "",
            "source": "Gene Expression Omnibus (GEO)",
            "public_id": "GSE13597"
        },
        {
            "id": "data_8",
            "omics": "bulk RNA sequencing",
            "link": "https://www.ncbi.nlm.nih.gov/geo/query/acc.cgi?acc=GSE118719",
            "format": "",
            "source": "Gene Expression Omnibus (GEO)",
            "public_id": "GSE118719"
        },
        {
            "id": "data_9",
            "omics": "bulk RNA sequencing",
            "link": "https://www.ncbi.nlm.nih.gov/geo/query/acc.cgi?acc=GSE96538",
            "format": "",
            "source": "Gene Expression Omnibus (GEO)",
            "public_id": "GSE96538"
        },
        {
            "id": "data_10",
            "omics": "single-cell sequencing",
            "link": "https://www.ncbi.nlm.nih.gov/geo/query/acc.cgi?acc=GSE139324",
            "format": "",
            "source": "Gene Expression Omnibus (GEO)",
            "public_id": "GSE139324"
        },
        {
            "id": "data_11",
            "omics": "single-cell sequencing",
            "link": "https://www.ncbi.nlm.nih.gov/geo/query/acc.cgi?acc=GSE164690",
            "format": "",
            "source": "Gene Expression Omnibus (GEO)",
            "public_id": "GSE164690"
        },
        {
            "id": "data_12",
            "omics": "spatial sequencing data",
            "link": "https://www.ncbi.nlm.nih.gov/geo/query/acc.cgi?acc=GSE200310",
            "format": "raw and processed Visium spatial sequencing data",
            "source": "Gene Expression Omnibus (GEO)",
            "public_id": "GSE200310"
        },
        {
            "id": "data_13",
            "omics": "single-cell sequencing",
            "link": "https://www.ncbi.nlm.nih.gov/geo/query/acc.cgi?acc=GSE200315",
            "format": "raw and processed Visium spatial sequencing data",
            "source": "Gene Expression Omnibus (GEO)",
            "public_id": "GSE200315"
        },
        {
            "id": "data_14",
            "omics": "ATAC-seq",
            "sourse": "",
            "link": "",
            "format": "",
            "public_id": ""
        }
    ],
    "analyses": [
        {
            "id": "analysis_1",
            "analysis_name": "Single cell Transcriptomics",
            "analysis_data": ["data_1", "data_2", "data_3"]
        },
        {
            "id": "analysis_2",
            "analysis_name": "Single cell Clustering",
            "analysis_data": ["analysis_1"]
        },
        {
            "id": "analysis_3",
            "analysis_name": "Spatial transcriptome",
            "analysis_data": ["data_12"]
        },
        {
            "id": "analysis_4",
            "analysis_name": "Transcriptomics",
            "analysis_data": ["data_4", "data_5", "data_6", "data_7", "data_8"]
        },
        {
            "id": "analysis_5",
            "analysis_name": "Differential Analysis",
            "analysis_data": ["analysis_4"],
            "label": {"group":  ["Tumor", "Normal"]}
        },
        {
            "id": "analysis_6",
            "analysis_name": "Survival analysis",
            "training_set": ["analysis_5"],
            "label": {"stratified by the Treg suppressive score":  ["Suppressive score-High", "Suppressive score-Low"]}
        },
        {
            "id": "analysis_7",
            "analysis_name": "Transcriptomics",
            "analysis_data": ["data_9"]
        },
        {
            "id": "analysis_8",
            "analysis_name": "Single cell Transcriptomics",
            "analysis_data": ["data_10"]
        },
        {
            "id": "analysis_9",
            "analysis_name": "Single cell Clustering",
            "analysis_data": ["analysis_8"]
        },
        {
            "id": "analysis_10",
            "analysis_name": "Single cell Transcriptomics",
            "analysis_data": ["data_11"]
        },
        {
            "id": "analysis_11",
            "analysis_name": "Single cell Clustering",
            "analysis_data": ["analysis_10"]
        },
        {
            "id": "analysis_12",
            "analysis_name": "Single cell Transcriptomics",
            "analysis_data": ["data_13"]
        },
        {
            "id": "analysis_13",
            "analysis_name": "Single cell Clustering",
            "analysis_data": ["analysis_12"]
        },
        {
            "id": "analysis_14",
            "analysis_name": "Functional Enrichment Analysis",
            "analysis_data": ["analysis_13"]
        },
        {"id": "analysis_15", "analysis_name": "ATAC-seq", "analysis_data": ["data_14"]}
    ]
}