{
    "article_id": "https://www.ncbi.nlm.nih.gov/pmc/articles/PMC10848711/",
    "data": [
        {
            "id": "data_1",
            "omics": "WES",
            "link": "https://www.ncbi.nlm.nih.gov/geo/query/acc.cgi?acc=GSE198016",
            "format": "raw sequencing data",
            "source": "Gene Expression Omnibus (GEO)",
            "public_id": "GSE198016"
        },
        {
            "id": "data_2",
            "omics": "WGS",
            "link": "https://www.ncbi.nlm.nih.gov/geo/query/acc.cgi?acc=GSE198016",
            "format": "raw sequencing data",
            "source": "Gene Expression Omnibus (GEO)",
            "public_id": "GSE198016"
        },
        {
            "id": "data_3",
            "omics": "RNA-seq",
            "link": "https://www.ncbi.nlm.nih.gov/geo/query/acc.cgi?acc=GSE198016",
            "format": "raw sequencing data",
            "source": "Gene Expression Omnibus (GEO)",
            "public_id": "GSE198016"
        },
        {
            "id": "data_4",
            "omics": "scRNA-seq",
            "link": "https://www.ncbi.nlm.nih.gov/geo/query/acc.cgi?acc=GSE198016",
            "format": "raw sequencing data",
            "source": "Gene Expression Omnibus (GEO)",
            "public_id": "GSE198016"
        },
        {
            "id": "data_5",
            "omics": "DNA methylation array",
            "link": "https://www.ncbi.nlm.nih.gov/geo/query/acc.cgi?acc=GSE197696",
            "format": "array data",
            "source": "Gene Expression Omnibus (GEO)",
            "public_id": "GSE197696"
        },
        {
            "id": "data_6",
            "omics": "expression profile",
            "link": "https://www.ncbi.nlm.nih.gov/geo/query/acc.cgi?acc=GSE108266",
            "format": "",
            "source": "",
            "public_id": "GSE108266"
        },
        {
            "id": "data_7",
            "omics": "expression profile",
            "link": "https://www.ncbi.nlm.nih.gov/geo/query/acc.cgi?acc=GSE110637",
            "format": "",
            "source": "",
            "public_id": "GSE110637"
        },
        {
            "id": "data_8",
            "omics": "expression profile",
            "link": "https://www.ncbi.nlm.nih.gov/geo/query/acc.cgi?acc=GSE113601",
            "format": "",
            "source": "",
            "public_id": "GSE113601"
        },
        {
            "id": "data_9",
            "omics": "expression profile",
            "link": "https://www.ncbi.nlm.nih.gov/geo/query/acc.cgi?acc=GSE84471",
            "format": "",
            "source": "",
            "public_id": "GSE84471"
        },
        {
            "id": "data_10",
            "omics": "DNA methylation profile",
            "link": "",
            "format": "raw methylation data",
            "source": "TCGA",
            "public_id": "TCGA-LAML"
        },
        {
            "id": "data_11",
            "omics": "DNA methylation profile",
            "link": "https://www.ncbi.nlm.nih.gov/geo/query/acc.cgi?acc=GSE49031",
            "format": "raw methylation data",
            "source": "",
            "public_id": "GSE49031"
        },
        {
            "id": "data_12",
            "omics": "DNA methylation profile",
            "link": "https://www.ncbi.nlm.nih.gov/geo/query/acc.cgi?acc=GSE113545",
            "format": "raw methylation data",
            "source": "",
            "public_id": "GSE113545"
        }
    ],
    "analyses": [
        {
            "id": "analysis_1",
            "analysis_name": "Genomics",
            "analysis_data": ["data_1", "data_2"]
        },
        {
            "id": "analysis_2",
            "analysis_name": "Transcriptomics",
            "analysis_data": ["data_3"]
        },
        {
            "id": "analysis_3",
            "analysis_name": "Transcriptomics",
            "analysis_data": ["data_6", "data_7", "data_8", "data_9"]
        },
        {
            "id": "analysis_13",
            "analysis_name": "Principal component analysis (PCA)",
            "analysis_data": ["analysis_2", "analysis_3"]
        },
        {
            "id": "analysis_4",
            "analysis_name": "Differential Analysis",
            "analysis_data": ["analysis_2", "analysis_3"],
            "label": {"patient":  ["MNKPL", "AML", "T-ALL", "MPAL"]}
        },
        {
            "id": "analysis_5",
            "analysis_name": "Functional Enrichment Analysis",
            "analysis_data": ["analysis_4", "analysis_3"]
        },
        {
            "id": "analysis_6",
            "analysis_name": "Differential Analysis",
            "analysis_data": ["data_5", "data_10", "data_11", "data_12"],
            "label": {"patient":  ["MNKPL", "AML", "TALL", "TMPAL", "BMPAL"]}
        },
        {
            "id": "analysis_7",
            "analysis_name": "Functional Enrichment Analysis",
            "analysis_data": ["analysis_6"]
        },
        {
            "id": "analysis_8",
            "analysis_name": "SNF analysis",
            "analysis_data": ["analysis_2", "data_5"]
        },
        {
            "id": "analysis_9",
            "analysis_name": "Functional Enrichment Analysis",
            "analysis_data": ["analysis_1", "analysis_2"],
            "label": {"group": ["ETV6-mutant", "ETV6 wild-type"]}
        },
        {
            "id": "analysis_10",
            "analysis_name": "Differential Analysis",
            "analysis_data": ["analysis_1", "analysis_2"],
            "label": {"subgroups": ["ETV6 wild-type", "ETV6-mutant"]}
        },
        {
            "id": "analysis_11",
            "analysis_name": "Single cell Transcriptomics",
            "analysis_data": ["data_4"]
        },
        {
            "id": "analysis_12",
            "analysis_name": "Single cell Clustering",
            "analysis_data": ["analysis_11"]
        },
        {
            "id": "analysis_13",
            "analysis_name": "distinct methylation profile",
            "analysis_data": ["data_5"],
            "label": {
                "disease": [
                    "MNKPL,AML",
                    "MNKPL,T-ALL",
                    "MNKPL,T-MPAL",
                    "MNKPL,B-MPAL"
                ]
            }
        }
    ],
    "results": [
        {
            "analysis_id": "analysis_1",
            "metrics": "n",
            "value": [7, 5, 5, 4, 4, 4, 3, 3, 3, 3, 3, 3, 3, 2, 1, 1, 1],
            "features": [
                "NOTCH1",
                "ETV6",
                "KMT2D",
                "PIK3C2A",
                "FLT3",
                "SAMD9L",
                "MAML3",
                "MAP3K4",
                "ABL1",
                "CREBBP",
                "SETBP1",
                "KMT2C",
                "MDC1",
                "NRAS",
                "ETV6::C3orf62",
                "ETV6::MAML3",
                "loss of the entire ETV6 gene"
            ]
        },
        {
            "analysis_id": "analysis_4",
            "metrics": "p",
            "value": [0.04, 0.23, 0.01],
            "features": ["NOTCH1"]
        },
        {
            "analysis_id": "analysis_4",
            "metrics": "p",
            "value": [0.04, 0.04, 0.04],
            "features": ["RUNX3"]
        },
        {
            "analysis_id": "analysis_4",
            "metrics": "p",
            "value": [0.33, "<0.01", 0.18],
            "features": ["BCL11B"]
        },
        {
            "analysis_id": "analysis_5",
            "metrics": "FDR",
            "value": ["p<0.01"],
            "features": ["HSC differentiation"]
        },
        {
            "analysis_id": "analysis_5",
            "metrics": "NES",
            "value": [1.67],
            "features": ["HSC differentiation"]
        },
        {
            "analysis_id": "analysis_5",
            "metrics": "FDR",
            "value": [0.01],
            "features": ["Myeloid cell differentiation"]
        },
        {
            "analysis_id": "analysis_5",
            "metrics": "NES",
            "value": [1.39],
            "features": ["Myeloid cell differentiation"]
        },
        {
            "analysis_id": "analysis_5",
            "metrics": "FDR",
            "value": ["p<0.01"],
            "features": ["Lymphocyte differentiation"]
        },
        {
            "analysis_id": "analysis_5",
            "metrics": "NES",
            "value": [1.76],
            "features": ["Lymphocyte differentiation"]
        },
        {
            "analysis_id": "analysis_5",
            "metrics": "FDR",
            "value": ["p<0.01"],
            "features": ["NCAM1(CD56) differentiation"]
        },
        {
            "analysis_id": "analysis_5",
            "metrics": "NES",
            "value": [1.65],
            "features": ["NCAM1(CD56) differentiation"]
        },
        {
            "analysis_id": "analysis_13",
            "metrics": "p",
            "value": [0.02, "p<0.01", 0.05, 0.01],
            "features": ["RUNX3 P2 promotor"]
        },
        {
            "analysis_id": "analysis_13",
            "metrics": "p",
            "value": ["p<0.01", "p<0.01", "p<0.01", "p<0.01"],
            "features": ["RUNX3 P1 promotor"]
        },
        {
            "analysis_id": "analysis_13",
            "metrics": "p",
            "value": [0.94, 0.02, 0.75, 0.08],
            "features": ["BCL11B Promotor"]
        }
    ]
}