{
    "article_id": "https://www.frontiersin.org/journals/genetics/articles/10.3389/fgene.2022.981222/full",
    "data": [
        {
            "id": "data_1",
            "omics": "mRNA microarray",
            "link": "https://www.ncbi.nlm.nih.gov/geo/",
            "format": "gene expression profile data",
            "source": "GEO database",
            "public_id": "GSE12452"
        },
        {
            "id": "data_2",
            "omics": "mRNA microarray",
            "link": "https://www.ncbi.nlm.nih.gov/geo/",
            "format": "gene expression profile data",
            "source": "GEO database",
            "public_id": "GSE53819"
        },
        {
            "id": "data_3",
            "omics": "mRNA microarray",
            "link": "https://www.ncbi.nlm.nih.gov/geo/",
            "format": "gene expression profile data",
            "source": "GEO database",
            "public_id": "GSE64634"
        },
        {
            "id": "data_4",
            "omics": "RNA sequences",
            "link": "https://www.cancer.gov/about-nci/organization/ccg/research",
            "format": "original RNA sequences",
            "source": "TCGA database",
            "public_id": "HNSCC"
        },
        {
            "id": "data_5",
            "omics": "RNA-seq",
            "link": "http://www.linkedomics.org/login.php",
            "format": "",
            "source": "LinkedOmics",
            "public_id": "TCGA-HNSCC"
        },
        {
            "id": "data_6",
            "omics": "gene copy number variation",
            "link": "http://www.linkedomics.org/login.php",
            "format": "",
            "source": "LinkedOmics",
            "public_id": "HNSCC"
        }
    ],
    "analyses": [
        {
            "id": "analysis_1",
            "analysis_name": "Correlation",
            "analysis_data": ["data_1", "data_2", "data_3"]
        },
        {
            "id": "analysis_2",
            "analysis_name": "ROC",
            "analysis_data": ["data_1", "data_2", "data_3"],
            "label": {"NPC": ["True", "False"]}
        },
        {
            "id": "analysis_3",
            "analysis_name": "MLGenie",
            "training_set": ["data_1", "data_2", "data_3"],
            "label": {"NPC": ["True", "False"]}
        },
        {
            "id": "analysis_4",
            "analysis_name": "Functional Enrichment Analysis",
            "analysis_data": ["analysis_2"]
        },
        {
            "id": "analysis_5",
            "analysis_name": "Survival Analysis",
            "training_set": ["data_4"],
            "label": {"expression": ["High", "Low"]}
        },
        {
            "id": "analysis_6",
            "analysis_name": "univariate Cox regression",
            "training_set": ["data_4", "analysis_5"],
            "label": {"prognostic risk scores": ["High risk", "Low risk"]}
        },
        {"id": "analysis_7", "analysis_name": "ROC", "analysis_data": ["analysis_6"], "label": {"prognosis": ["positive", "negative"]}},
        {
            "id": "analysis_8",
            "analysis_name": "univariate Cox regression",
            "training_set": ["data_4", "analysis_5"],
            "label": {"survival": ["positive", "negative"]}
        },
        {
            "id": "analysis_9",
            "analysis_name": "Differential Analysis",
            "analysis_data": ["data_4"],
            "label": {"": ["Tumor", "Normal"]}
        },
        {
            "id": "analysis_10",
            "analysis_name": "Functional Enrichment Analysis",
            "analysis_data": ["data_5"]
        },
        {
            "id": "analysis_11",
            "analysis_name": "relative abundance of immune cells",
            "analysis_data": ["data_5"]
        },
        {
            "id": "analysis_12",
            "analysis_name": "Differential Analysis",
            "analysis_data": ["analysis_11"],
            "label": {"Risk": ["low", "high"]}
        },
        {"id": "analysis_13", "analysis_name": "TME", "data": ["data_5"]},
        {
            "id": "analysis_14",
            "analysis_name": "Differential Analysis",
            "analysis_data": ["analysis_13"],
            "label": {"Risk": ["low", "high"]}
        },
        {"id": "analysis_15", "analysis_name": "Correlation", "analysis_data": ["data_5"]},
        {
            "id": "analysis_16",
            "analysis_name": "Correlation",
            "analysis_data": ["data_5", "analysis_11"]
        },
        {
            "id": "analysis_17",
            "analysis_name": "Differential Analysis",
            "analysis_data": ["data_6", "analysis_11"],
            "label": {"Copy Number": [
                "Deep Deletion",
                "Arm-level Deletion",
                "Diploid/Normal",
                "Arm-level Gain",
                "High Amplication"
                ]
            }
        }
    ],
    "results": [
        {
            "analysis_id": "analysis_1",
            "metrics": "correlation coefficient",
            "value": ["≥0.4", "≥0.4", "≥0.4", "≥0.4", "≥0.4", "≥0.4"],
            "features": [
                "DGCR5",
                "HOTAIR",
                "LINC00308",
                "LINC00311",
                "PRNT",
                "TMEM105"
            ]
        },
        {
            "analysis_id": "analysis_1",
            "metrics": "p",
            "value": ["<0.001", "<0.001", "<0.001", "<0.001", "<0.001", "<0.001"],
            "features": [
                "DGCR5",
                "HOTAIR",
                "LINC00308",
                "LINC00311",
                "PRNT",
                "TMEM105"
            ]
        },
        {
            "analysis_id": "analysis_2",
            "metrics": "AUC",
            "value": [0.503, 0.652, 0.516, 0.514, 0.534, 0.654],
            "features": [
                "DGCR5",
                "HOTAIR",
                "LINC00308",
                "LINC00311",
                "PRNT",
                "TMEM105"
            ]
        },
        {
            "analysis_id": "analysis_2",
            "metrics": "95% confidence interval (CI)",
            "value": [
                "0. 371-0.635",
                "0.515-0.788",
                "0.398-0.634",
                "0.391-0.637",
                "0.40-0.665",
                "0.525-0.783"
            ],
            "features": [
                "DGCR5",
                "HOTAIR",
                "LINC00308",
                "LINC00311",
                "PRNT",
                "TMEM105"
            ]
        },
        {
            "analysis_id": "analysis_3",
            "metrics": "AUC",
            "value": 0.703,
            "features": [
                "DGCR5",
                "HOTAIR",
                "LINC00308",
                "LINC00311",
                "PRNT",
                "TMEM105"
            ]
        },
        {
            "analysis_id": "analysis_3",
            "metrics": "95% confidence interval (CI)",
            "value": "0.583-0.824",
            "features": [
                "DGCR5",
                "HOTAIR",
                "LINC00308",
                "LINC00311",
                "PRNT",
                "TMEM105"
            ]
        },
        {
            "analysis_id": "analysis_4",
            "features": [
                "positive regulation of cytokine production",
                "positive regulation of cysteine-type endopeptidase activity involved in the apoptotic process",
                "positive regulation of interleukin-1 production",
                "inflammasome complex",
                "ESCRT III complex",
                "multivesicular body",
                "nuclear envelope",
                "cysteine-type endopeptidase activity involved in the apoptotic signaling pathway",
                "cysteine-type endopeptidase activator activity involved in apoptotic process",
                "peptidase activator activity involved in apoptotic process",
                "cytokine receptor binding",
                "NOD-like receptor signaling pathway",
                "Salmonella infection",
                "necroptosis",
                "lipid and atherosclerosis",
                "legionellosis",
                "pathogenic Escherichia coli infection",
                "influenza A",
                "pertussis",
                "shigellosis",
                "tuberculosis",
                "apoptosis",
                "Yersinia infection",
                "measles",
                "C-type lectin receptor signaling pathway",
                "apoptosis-multiple species",
                "cytosolic DNA-sensing pathway",
                "inflammatory bowel disease",
                "hepatitis B",
                "human cytomegalovirus infection",
                "platinum drug resistance",
                "graft-versus-host disease",
                "Kaposi sarcoma-associated herpesvirus infection",
                "Epstein-Barr virus infection",
                "AGE/RAGE signaling pathway in diabetic complications",
                "non-alcoholic fatty liver disease",
                "hepatitis C",
                "pathways of neurodegeneration-multiple diseases",
                "TNF signaling pathway",
                "non-small cell lung cancer p53 signaling pathway"
            ]
        },
        {
            "analysis_id": "analysis_5",
            "metrics": "p",
            "value": [0.032, 0.022, 0.005, 0.001],
            "features": ["BAK1", "NLRP1", "CHMP7", "CYCS"]
        },
        {
            "analysis_id": "analysis_5",
            "metrics": "HR",
            "value": [
                "1.34 (1.03-1.76)",
                "0.73 (0.56-0.95)",
                "0.68 (0.52-0.89)",
                "1.61 (1.22-2.11)"
            ],
            "features": ["BAK1", "NLRP1", "CHMP7", "CYCS"]
        },
        {
            "analysis_id": "analysis_6",
            "metrics": "K-M p",
            "value": 4.208e-03,
            "features": ["NLRP1", "CHMP7", "CYCS"]
        },
        {
            "analysis_id": "analysis_6",
            "metrics": "multivariate Cox regression HR",
            "value": "1.646 (95% CI: 1.189-2.278)",
            "features": ["NLRP1", "CHMP7", "CYCS"]
        },
        {
            "analysis_id": "analysis_6",
            "metrics": "multivariate Cox regression p",
            "value": 0.003,
            "features": ["NLRP1", "CHMP7", "CYCS"]
        },
        {
            "analysis_id": "analysis_6",
            "metrics": "univariate Cox regression HR",
            "value": "1. 724 (95% CI: 1.294-2.298)",
            "features": ["NLRP1", "CHMP7", "CYCS"]
        },
        {
            "analysis_id": "analysis_6",
            "metrics": "univariate Cox regression HR",
            "value": "< 0.001",
            "features": ["NLRP1", "CHMP7", "CYCS"]
        },
        {
            "analysis_id": "analysis_7",
            "metrics": "AUC",
            "value": 0.621,
            "features": ["NLRP1", "CHMP7", "CYCS"]
        },
        {
            "analysis_id": "analysis_8",
            "metrics": "1-year OS AUC",
            "value": 0.607,
            "features": [
                "NLRP1",
                "CHMP7",
                "CYCS",
                "age",
                "sex",
                "grade",
                "clinical stage",
                "tumor stage"
            ]
        },
        {
            "analysis_id": "analysis_8",
            "metrics": "3-years OS AUC",
            "value": 0.598,
            "features": [
                "NLRP1",
                "CHMP7",
                "CYCS",
                "age",
                "sex",
                "grade",
                "clinical stage",
                "tumor stage"
            ]
        },
        {
            "analysis_id": "analysis_8",
            "metrics": "5-years OS AUC",
            "value": 0.612,
            "features": [
                "NLRP1",
                "CHMP7",
                "CYCS",
                "age",
                "sex",
                "grade",
                "clinical stage",
                "tumor stage"
            ]
        },
        {
            "analysis_id": "analysis_10",
            "features": [
                "pathways such as pyrimidine metabolism",
                "androgen/estrogen/progesterone biosynthesis",
                "2-arachidonoylglycerol biosynthesis",
                "gamma-aminobutyric acid synthesis",
                "purine metabolism",
                "valine biosynthesis",
                "isoleucine biosynthesis",
                "alanine synthesis",
                "P53 pathway feedback loops",
                "tetrahydrofolate biosynthesis",
                "ascorbate degradation",
                "succinate to propionate conversion",
                "purine metabolism",
                "valine biosynthesis",
                "isoleucine biosynthesis",
                "salvage pyrimidine deoxyribonucleotides"
            ]
        }
    ]
}