{
    "article_id": "https://www.cell.com/cancer-cell/fulltext/S1535-6108(23)00365-3?_returnURL=https%3A%2F%2Flinkinghub.elsevier.com%2Fretrieve%2Fpii%2FS1535610823003653%3Fshowall%3Dtrue",
    "data": [
        {
            "id": "data_1",
            "omics": "Bulk RNA-sequencing",
            "source": "dbGAP",
            "link": "",
            "format": "Raw sequencing reads",
            "public_id": "phs003230.v1.p1"
        },
        {
            "id": "data_2",
            "omics": "Bulk ATAC-sequencing",
            "source": "dbGAP",
            "link": "",
            "format": "FASTQ",
            "public_id": "phs003230.v1.p1"
        },
        {
            "id": "data_3",
            "omics": "single cell RNA-sequencing",
            "source": "dbGAP",
            "link": "",
            "format": "FASTQ",
            "public_id": "phs003230.v1.p1"
        },
        {
            "id": "data_4",
            "omics": "ChIP-seq",
            "source": "dbGAP",
            "link": "",
            "format": "FASTQ",
            "public_id": "phs003230.v1.p1"
        },
        {
            "id": "data_5",
            "omics": "gene expression data",
            "source": "",
            "link": "https://www.cell.com/cancer-cell/fulltext/S1535-6108(19)30296-X",
            "format": "gene expression data",
            "public_id": ""
        },
        {
            "id": "data_6",
            "omics": "bulk RNA-seq",
            "source": "dbGAP",
            "link": "",
            "format": "FASTQ",
            "public_id": "phs000909.v.p1"
        },
        {
            "id": "data_7",
            "omics": "bulk RNA-seq",
            "source": "dbGAP",
            "link": "",
            "format": "FASTQ",
            "public_id": "phs001666.v1.p1"
        },
        {
            "id": "data_8",
            "omics": "bulk RNA-seq",
            "source": "EGA",
            "link": "",
            "format": "FASTQ",
            "public_id": "phs000915.v2.p2"
        },
        {
            "id": "data_9",
            "omics": "bulk RNA-seq",
            "source": "GEO",
            "link": "http://www.ncbi.nlm.nih.gov/geo/query/acc.cgi?acc=GSE118435",
            "format": "FASTQ",
            "public_id": "GSE118435"
        },
        {
            "id": "data_10",
            "omics": "bulk RNA-seq",
            "source": "GEO",
            "link": "http://www.ncbi.nlm.nih.gov/geo/query/acc.cgi?acc=GSE126078",
            "format": "FASTQ",
            "public_id": "GSE126078"
        },
        {
            "id": "data_11",
            "omics": "bulk RNA-seq",
            "source": "GEO",
            "link": "http://www.ncbi.nlm.nih.gov/geo/query/acc.cgi?acc=GSE199190",
            "format": "FASTQ",
            "public_id": "GSE199190"
        },
        {
            "id": "data_12",
            "omics": "bulk ATAC-seq",
            "source": "GEO",
            "link": "http://www.ncbi.nlm.nih.gov/geo/query/acc.cgi?acc=GSE199190",
            "format": "FASTQ",
            "public_id": "GSE199190"
        },
        {
            "id": "data_13",
            "omics": "bulk RNA-seq",
            "source": "EGA",
            "link": "",
            "format": "FASTQ",
            "public_id": "EGAD00001001244"
        },
        {
            "id": "data_14",
            "omics": "gene expression data",
            "source": "TCGA",
            "link": "https://xenabrowser.net/datapages/?cohort=TCGA%20Pan-Cancer%20(PANCAN)&removeHub=http%3A%2F%2F127.0.0.1%3A7222",
            "format": "gene expression data",
            "public_id": ""
        },
        {
            "id": "data_15",
            "omics": "gene expression data",
            "source": "DepMap",
            "link": "https://depmap.org/portal/download/all/",
            "format": "gene expression data",
            "public_id": ""
        },
        {
            "id": "data_16",
            "omics": "single-cell gene expresion data",
            "source": "",
            "link": "https://singlecell.broadinstitute.org/single_cell/study/SCP1244/transcriptional-mediators-of-treatment-resistance-in-lethal-prostate-cancer",
            "format": "single-cell gene expresion data",
            "public_id": ""
        },
        {
            "id": "data_17",
            "omics": "single-cell RNA-seq",
            "source": "GEO",
            "link": "http://www.ncbi.nlm.nih.gov/geo/query/acc.cgi?acc=GSE151426",
            "format": "FASTQs",
            "public_id": "GSE151426"
        },
        {
            "id": "data_18",
            "omics": "single-cell RNA-seq",
            "source": "GEO",
            "link": "http://www.ncbi.nlm.nih.gov/geo/query/acc.cgi?acc=GSE210358",
            "format": "FASTQs",
            "public_id": "GSE210358"
        },
        {
            "id": "data_19",
            "omics": "single-cell RNA-seq",
            "source": "GEO",
            "link": "http://www.ncbi.nlm.nih.gov/geo/query/acc.cgi?acc=GSE137829",
            "format": "FASTQs",
            "public_id": "GSE137829"
        },
        {
            "id": "data20",
            "omics": "bulk RNA-seq",
            "link": "",
            "source": "GEO",
            "format": "",
            "public_id": "GSE240058"
        },
        {
            "id": "data21",
            "omics": "SCLC subtype annotations",
            "link": "https://www.nature.com/articles/s41568-019-0133-9",
            "source": "",
            "format": "",
            "public_id": ""
        },
        {
            "id": "data22",
            "omics": "single cell RNA-seq",
            "link": "",
            "source": "GEO",
            "format": "txt",
            "public_id": "GSE240058"
        }
    ],
    "analyses": [
        {
            "id": "analysis_1",
            "analysis_name": "Transcriptomics",
            "analysis_data": ["data_1"]
        },
        {
            "id": "analysis_2",
            "analysis_name": "Temporal analysis",
            "analysis_data": ["analysis_1"],
            "label": {"convergence trajectory from adenocarcinoma to SCN states":  ["Basal", "Organoid", "Early", "Transition", "Endpoint"]}
        },
        {
            "id": "analysis_3",
            "analysis_name": "Transcriptomics",
            "analysis_data": ["data_6", "data_7", "data_8", "data_9", "data_10"]
        },
        {
            "id": "analysis_4",
            "analysis_name": "Principal component analysis (PCA)",
            "analysis_data": ["analysis_1", "data_5", "analysis_3"]
        },
        {
            "id": "analysis_5",
            "analysis_name": "Differential Analysis",
            "analysis_data": ["analysis_1"],
            "label": {"convergence trajectory from adenocarcinoma to SCN states":  ["Basal", "Organoid", "Early", "Transition", "Endpoint"]}
        },
        {
            "id": "analysis_6",
            "analysis_name": "Functional Enrichment Analysis",
            "analysis_data": ["analysis_5"]
        },
        {"id": "analysis_7", "analysis_name": "ATAC-seq", "data": ["data_2"]},
        {
            "id": "analysis_8",
            "analysis_name": "Principal component analysis (PCA)",
            "analysis_data": ["analysis_7"]
        },
        {"id": "analysis_9", "analysis_name": "ChIP-seq", "data": ["data_4"]},
        {
            "id": "analysis_10",
            "analysis_name": "Transcriptomics",
            "analysis_data": ["data_6", "data_7"]
        },
        {
            "id": "analysis_11",
            "analysis_name": "Differential Analysis",
            "analysis_data": ["analysis_10", "data_14", "analysis_1"],
            "label": {"HC":  ["HC1", "HC2", "HC3", "HC4", "HC5", "HC6"]}
        },
        {
            "id": "analysis_12",
            "analysis_name": "Single cell Transcriptomics",
            "analysis_data": ["data_3"]
        },
        {
            "id": "analysis_13",
            "analysis_name": "Single cell Clustering",
            "analysis_data": ["analysis_9"]
        },
        {
            "id": "analysis_14",
            "analysis_name": "Transcriptomics",
            "analysis_data": ["data_11"]
        },
        {
            "id": "analysis_15",
            "analysis_name": "Principal component analysis (PCA)",
            "analysis_data": ["analysis_11"]
        },
        {"id": "analysis_16", "analysis_name": "ATAC-seq", "analysis_data": ["data_12"]},
        {
            "id": "analysis_17",
            "analysis_name": "Principal component analysis (PCA)",
            "analysis_data": ["analysis_16"]
        },
        {
            "id": "analysis_18",
            "analysis_name": "Transcriptomics",
            "analysis_data": ["data_13"]
        },
        {
            "id": "analysis_19",
            "analysis_name": "Principal component analysis (PCA)",
            "analysis_data": ["analysis_18", "data_15"]
        },
        {
            "id": "analysis_20",
            "analysis_name": "Single cell Transcriptomics",
            "analysis_data": ["data_17", "data_18", "data_19"]
        },
        {
            "id": "analysis_21",
            "analysis_name": "Single cell Clustering",
            "analysis_data": ["data_16", "analysis_20"]
        },
        {
            "id": "analysis_22",
            "analysis_name": "Differential analysis",
            "analysis_data": ["data_16", "analysis_20"],
            "label": {"label1": [ "ASCL1+ cells", "ASCL2+ cells"]}
        }
    ],
    "results": [
        {
            "analysis_id": "analysis_11",
            "metrics": "",
            "value": "",
            "features": ["IL1RL1", "KRT36", "PIK3CG", "NPY"]
        }
    ]
}