{
    "article_id": "https://www.ncbi.nlm.nih.gov/pmc/articles/PMC8386883/",
    "data": [
        {
            "id": "data_1",
            "omics": "clinical data",
            "link": "https://www.ncbi.nlm.nih.gov/gap/",
            "format": "",
            "source": "COPDGene",
            "public_id": "phs000179.v6.p2"
        },
        {
            "id": "data_2",
            "omics": "SOMAScan proteomics data",
            "link": "https://www.ncbi.nlm.nih.gov/gap/",
            "format": "",
            "source": "COPDGene",
            "public_id": "phs000179.v6.p2"
        },
        {
            "id": "data_3",
            "omics": "RNA-Seq data",
            "link": "https://www.ncbi.nlm.nih.gov/gap/",
            "format": "",
            "source": "dbGaP",
            "public_id": "phs000765.v3.p2"
        },
        {
            "id": "data_4",
            "omics": "Metabolon data",
            "link": "https://www.metabolomicsworkbench.org/",
            "format": "",
            "source": "Metabolomics Workbench",
            "public_id": " PR000907"
        }
    ],
    "analyses": [
        {
            "id":"analysis_1",
            "analysis_name":"Proteomics",
            "analysis_data":"data_2"

        },
        {
            "id":"analysis_2",
            "analysis_name":"Transcriptomics",
            "analysis_data":"data_3"
        },
        {
            "id":"analysis_3",
            "analysis_name":"Metabolomic",
            "analysis_data":"data_4"
        },
        {
            "id": "analysis_4",
            "analysis_name": "covariate filtering",
            "analysis_data": [
                "analysis_1",
                "analysis_2",
                "analysis_3"
            ]
        },
        {
            "id": "analysis_5",
            "analysis_name": "PCA analysis",
            "analysis_data": [
                "analysis_4"
            ]
        },
        {
            "id": "analysis_6",
            "analysis_name": "PCA analysis",
            "analysis_data": [
                "analysis_4"
            ]
        },
        {
            "id": "analysis_7",
            "analysis_name": "auto encoders",
            "analysis_data": [
                "analysis_4"
            ]
        },
        {
            "id": "analysis_8",
            "analysis_name": "Clustering analysis",
            "analysis_data": [
                "analysis_7"
            ]
        },
        {
            "id": "analysis_9",
            "analysis_name": "Clinical associations associations",
            "analysis_data": [
                "data_1"
            ]
        },
        {
            "id": "analysis_10",
            "analysis_name": "Feature Selection",
            "analysis_data": [
                "analysis_8",
                "analysis_9"
            ],
            "label": {
                "group": [
                    "Control",
                    "COPD"
                ]
            }
        }
    ],
    "results": [
        {
            "analysis_id": "analysis_10",
            "features": [
                "SLCO4C1",
                "TNFRSF10B",
                "SNX4",
                "RLF",
                "SELENOW",
                "TPD52L2",
                "PPP1R10",
                "CD80",
                "SNRPB2",
                "RSL24D1",
                "RPL26L1",
                "RPS27L",
                "FOLR2",
                "Interleukin-23",
                "Fibroblast growth factor 20",
                "Stromelysin-1",
                "Macrophage-capping protein",
                "C5a anaphylatoxin",
                "Coagulation Factor X",
                "Gelsolin",
                "Trefoil factor 3",
                "Limbic system-associated membrane protein",
                "Mannose-binding protein C",
                "Adhesion G protein-coupled receptor E2",
                "Neural cell adhesion molecule 1, 120 kDa isoform",
                "Apolipoprotein A-I",
                "Follicle stimulating hormone",
                "Glucose-6-phosphate isomerase",
                "A disintegrin and metalloproteinase with thrombospondin motifs 5",
                "Interleukin-1 receptor-like 1",
                "Nidogen-1",
                "72 kDa type IV collagenase",
                "Transforming growth factor-beta-induced protein ig-h3",
                "C-X-C motif chemokine 10",
                "Hemojuvelin",
                "Complement factor B",
                "Bone morphogenetic protein 1",
                "UNANNOTATED (SOMAmer: 9191-8_3)",
                "C-reactive protein",
                "Insulin-like growth factor-binding protein 6",
                "Apolipoprotein B",
                "C-X-C motif chemokine 16",
                "UNANNOTATED (SOMAmer: 5451-1_3)",
                "Tumor necrosis factor receptor superfamily member 10D",
                "UNANNOTATED (SOMAmer: 5349-69_3)",
                "UNANNOTATED (SOMAmer: 8459-10_3)",
                "UNANNOTATED (SOMAmer: 8464-31_3)",
                "SPARC-related modular calcium-binding protein 1",
                "Mast/stem cell growth factor receptor Kit",
                "Ephrin-B1",
                "NT-3 growth factor receptor",
                "UNANNOTATED (SOMAmer: 5115-31_3)",
                "60 kDa heat shock protein, mitochondrial",
                "UNANNOTATED (SOMAmer: 5509-7_3)",
                "dehydroisoandrosterone sulfate (DHEA-S)",
                "3-(3-amino-3-carboxypropyl)uridine*",
                "X\u2013 12117",
                "stearoyl sphingomyelin (d18:1/18:0)",
                "hydroxy-CMPF*",
                "N6-carbamoylthreonyladenosine",
                "N-formylmethionine",
                "sphingomyelin (d18:1/20:1, d18:2/20:0)*",
                "sphingomyelin (d18:1/17:0, d17:1/18:0, d19:1/16:0)",
                "1-palmitoyl-2-linoleoyl-GPC (16:0/18:2)",
                "3-carboxy-4-methyl-5-propyl-2-furanpropanoate (CMPF)",
                "pyroglutamine*",
                "UQCRB"
            ],
            "metrics": "F1 score",
            "value": [
                "91.81%",
                "92.23%",
                "91.81%",
                "91.85%",
                "91.62%",
                "92.77%",
                "91.47%",
                "92.16%",
                "92.27%",
                "92.04%",
                "95.1%",
                "91.7%",
                "91.81%",
                "89.75%",
                "92.47%",
                "92.36%",
                "92.05%",
                "92.68%",
                "92.47%",
                "92.78%",
                "92.57%",
                "93.51%",
                "93.51%",
                "92.57%",
                "92.78%",
                "92.47%",
                "93.3%",
                "92.68%",
                "93.62%",
                "93.1%",
                "93.31%",
                "93.1%",
                "93.1%",
                "92.99%",
                "92.99%",
                "92.99%",
                "93.2%",
                "91.74%",
                "92.89%",
                "92.78%",
                "92.57%",
                "92.15%",
                "92.15%",
                "92.47%",
                "91.74%",
                "91.74%",
                "91.74%",
                "91.32%",
                "92.05%",
                "91.32%",
                "92.36%",
                "92.36%",
                "92.68%",
                "91.94%",
                "91.93%",
                "91.64%",
                "91.84%",
                "91.84%",
                "91.45%",
                "92.52%",
                "92.23%",
                "91.55%",
                "91.84%",
                "92.81%",
                "92.32%",
                "91.84%",
                "74.28%"
            ]
        }
    ]
}