{
    "article_id": "https://www.nature.com/articles/s41467-021-27801-8",
    "data": [
        {
            "id": "data_1",
            "omics": "Spatial transcriptomics",
            "link": "",
            "format": "txt",
            "source": "Gene Expression Omnibus (GEO)",
            "public_id": "GSE166120"
        },
        {
            "id": "data_2",
            "omics": "scRNASeq data",
            "link": "",
            "format": "txt",
            "source": "Gene Expression Omnibus (GEO)",
            "public_id": "GSE165816"
        },
        {
            "id": "data_3",
            "omics": "gene expression data",
            "link": "",
            "format": "txt",
            "source": "ArrayExpress",
            "public_id": "E-MTAB-1323"
        }
    ],
    "analyses": [
        {
            "id": "analysis_1",
            "analysis_name": "scRNASeq analysis",
            "analysis_data": ["data_2"],
            "label": {"group": ["foot", "forearm", "PBMC"]}
        },
        {
            "id": "analysis_2",
            "analysis_name": "Differential analysis",
            "analysis_data": "data_2",
            "label": {"fibroblast": ["foot", "forearm"]}
        },
        {
            "id": "analysis_3",
            "analysis_name": "Differential analysis",
            "analysis_data": "data_2",
            "label": {"keratinocytes": ["foot", "forearm"]}
        },
        {
            "id": "analysis_4",
            "analysis_name": "differentially analysis",
            "analysis_data": ["data_2"],
            "label": {"group": ["No-Healers", "Healers"]}
        },
        {
            "id": "analysis_5",
            "analysis_name": "differentially analysis",
            "analysis_data": ["data_2"],
            "label": {"group": ["Diabetic", "Healthy"]}
        },
        {
            "id": "analysis_6",
            "analysis_name": "differentially analysis",
            "analysis_data": ["data_2"],
            "label": {
                "group": [
                    "Healthy,Healers",
                    "Diabetes,Healers",
                    "Healers,Non-Healers"
                ]
            }
        },
        {
            "id": "analysis_7",
            "analysis_name": "DE analysis",
            "analysis_data": ["data_1"],
            "label": {"group": ["Healers", "Non-Healers"]}
        },
        {
            "id": "analysis_8",
            "analysis_name": "gene ontology (GO) enrichment analysis",
            "analysis_data": ["data_1"],
            "label": {"group": ["Healers", "Non-Healers"]}
        },
        {
            "id": "analysis_9",
            "analysis_name": "Differential analysis",
            "analysis_data": "data_2",
            "label": {"label1": ["M1", "M2", "Healers", "Non-healers"]}
        },
        {
            "id": "analysis_10",
            "analysis_name": "Differential analysis",
            "analysis_data": "data_1",
            "label": {"label1": ["HE-Fibro", "M1"]}
        }
    ],
    "results": [
        {
            "analysis_id": "analysis_2",
            "metrics": "",
            "value": ["SFRP4", "ASPN", "TNC"]
        },
        {
            "analysis_id": "analysis_3",
            "metrics": "",
            "value": [
                "KRT6A",
                "KRT16",
                "KRT17",
                "KRT2",
                "KRT10",
                "S100A8",
                "S100A9"
            ]
        },
        {
            "analysis_id": "analysis_4",
            "metrics": "p",
            "value": ["P value < 0.01"],
            "features": ["T Lympho"]
        },
        {
            "analysis_id": "analysis_4",
            "metrics": "p",
            "value": ["P value < 0.05"],
            "features": ["CD8T2"]
        },
        {
            "analysis_id": "analysis_5",
            "metrics": "p",
            "value": ["P value < 0.01"],
            "features": ["T Lympho"]
        },
        {
            "analysis_id": "analysis_5",
            "metrics": "p",
            "value": ["P value < 0.05"],
            "features": ["CD8T2"]
        },
        {
            "analysis_id": "analysis_6",
            "metrics": "p",
            "value": ["P value < 0.05", "P value < 0.01", "P value < 0.05"],
            "features": ["HE-Fibro Cell counts"]
        },
        {
            "analysis_id": "analysis_6",
            "metrics": "p",
            "value": ["P value < 0.05", "P value < 0.05", "P value < 0.05"],
            "features": ["proportion of M1 macrophages"]
        },
        {
            "analysis_id": "analysis_6",
            "metrics": "p",
            "value": ["P value < 0.01", "P value < 0.01", "P value < 0.05"],
            "features": ["SMCs Cell counts"]
        },
        {
            "analysis_id": "analysis_7",
            "metrics": "p",
            "value": [0.03],
            "features": ["PLA2G2A"]
        },
        {
            "analysis_id": "analysis_7",
            "metrics": "p",
            "value": [0.007],
            "features": ["FOS"]
        },
        {
            "analysis_id": "analysis_7",
            "metrics": "p",
            "value": [0.001],
            "features": ["TYMP"]
        },
        {
            "analysis_id": "analysis_7",
            "metrics": "p",
            "value": [0.04],
            "features": ["ANXA1"]
        },
        {
            "analysis_id": "analysis_9",
            "metrics": "",
            "value": ["CENPF", "PTTG1", "MKI67", "TOP2A"]
        },
        {
            "analysis_id": "analysis_10",
            "metrics": "",
            "features": [
                "PLA2GA",
                "MMP1",
                "CHI3L1",
                "TIMP1",
                "SFRP4",
                "FTH1",
                "FN1",
                "MT2A",
                "LUM",
                "CHI3L2",
                "MMP13",
                "HIF1A",
                "CCL20",
                "TPM2",
                "ASPN",
                "MMP3",
                "TNFAIP6",
                "IL6",
                "IL1B",
                "S100A8",
                "VCAN",
                "BCL2A1",
                "LYZ",
                "S100A9",
                "TIMP1",
                "C15orf48",
                "SRGN",
                "NFKBIA",
                "BTG1",
                "NAMPT",
                "PLAUR",
                "SAT1",
                "ID2",
                "TYMP",
                "SLC2A3",
                "SERPINA1",
                "CXCL8",
                "SOD2"
            ]
        }
    ]
}