{
    "article_id": "https://www.ncbi.nlm.nih.gov/pmc/articles/PMC6469968/",
    "data": [
        {
            "format": "",
            "id": "data_1",
            "link": "",
            "omics": "Metagenome",
            "public_id": "SRP173673",
            "source": "SRA"
        },
        {
            "format": "",
            "id": "data_2",
            "link": "",
            "omics": "Metabolomics",
            "public_id": "MSV000079444",
            "source": "GNPS"
        }
    ],
    "analyses": [
        {
            "id": "analysis_1",
            "analysis_name": "Classification analysis",
            "analysis_data": ["data_1"],
            "label": {
                "label1": ["antibiotic treatment", "no antibiotic treatment "]
            }
        }
    ],
    "results": []
}