{
    "article_id": "https://academic.oup.com/mr/article/34/2/359/7069073",
    "data": [
        {
            "id": "data_1",
            "omics": "DNA microarray",
            "source": "Gene Expression Omnibus",
            "link": "",
            "format": "Microarray data",
            "public_id": "GSE148601"
        },
        {
            "id": "data_2",
            "omics": "mRNA sequencing",
            "source": "DNA Data Bank of Japan database",
            "link": "",
            "format": "Sequencing data",
            "public_id": "DRA010165"
        },
        {
            "id": "data_3",
            "omics": "mRNA sequencing",
            "source": "DNA Data Bank of Japan database",
            "link": "",
            "format": "Sequencing data",
            "public_id": "DRA010166"
        },
        {
            "id": "data_4",
            "omics": "mRNA sequencing",
            "source": "DNA Data Bank of Japan database",
            "link": "",
            "format": "Sequencing data",
            "public_id": "DRA010167"
        },
        {
            "id": "data_5",
            "omics": "mRNA sequencing",
            "source": "DNA Data Bank of Japan database",
            "link": "",
            "format": "Sequencing data",
            "public_id": "DRA010168"
        },
        {
            "id": "data_6",
            "omics": "mRNA sequencing",
            "source": "DNA Data Bank of Japan database",
            "link": "",
            "format": "Sequencing data",
            "public_id": "DRA010169"
        }
    ],
    "analyses": [
        {
            "id": "analysis_1",
            "analysis_name": "Differential Analysis",
            "analysis_data": ["data_1"],
            "label": {"patient": ["SLE patients", "HC"]}
        },
        {
            "id": "analysis_2",
            "analysis_name": "Differential Analysis",
            "analysis_data": ["data_2", "data_3", "data_4", "data_5", "data_6"],
            "label": {"mice": ["NZB/W F1 mice", "C57BL/6 mice"]}
        },
        {
            "id": "analysis_3",
            "analysis_name": "Functional Enrichment Analysis",
            "analysis_data": ["analysis_1", "analysis_2"]
        },
        {
            "id": "analysis_4",
            "analysis_name": "Correlation",
            "analysis_data": ["analysis_1", "analysis_2", "analysis_3"]
        }
    ],
    "results": [
        {
            "analysis_id": "analysis_1",
            "metrics": "",
            "value": "",
            "features": ["RelA", "RelB", "XIAP", "TRAF2"]
        },
        {
            "analysis_id": "analysis_2",
            "metrics": "",
            "value": "",
            "features": ["RelA", "RelB", "XIAP", "TRAF2"]
        },
        {
            "analysis_id": "analysis_3",
            "features": [
                "D-myo-inositol (1,4,5)-trisphosphate biosynthesis",
                "GM-CSF signalling",
                "HMGB1 signalling",
                "IL-6 signalling",
                "Interferon signalling",
                "JAK/STAT signalling",
                "Molecular mechanisms of cancer",
                "Neurotrophin/TRK signalling",
                "p53 signalling",
                "Prolactin signalling",
                "Renin–angiotensin signalling",
                "Role of JAK family kinases in IL-6-type cytokine signalling",
                "Role of JAK1 and JAK3 in γc cytokine signalling",
                "Role of JAK2 in hormone-like cytokine signalling",
                "Systemic lupus erythematosus in B-cell signalling pathway",
                "T-cell exhaustion signalling pathway",
                "Thrombopoietin signalling",
                "Type I diabetes mellitus signalling",
                "Th1 pathway",
                "Th17 activation pathway",
                "Th2 pathway",
                "TREM1 signalling",
                "Caveolar-mediated endocytosis signalling",
                "Cyclins and cell cycle regulation",
                "GADD45 signalling",
                "Glioblastoma multiforme signalling",
                "IL-4 signalling",
                "IL-7 signalling pathway",
                "IL-8 signalling",
                "Interferon signalling",
                "Molecular mechanisms of cancer",
                "Prostate cancer signalling",
                "Semaphorin signalling in neurons",
                "Small-cell lung cancer signalling",
                "T-cell exhaustion signalling pathway",
                "Th1 and Th2 activation pathway",
                "Adipogenesis pathway",
                "Allograft rejection signalling",
                "Antigen presentation pathway",
                "Communication between innate and adaptive immune cells",
                "Differential regulation of cytokine production in intestinal epithelial cells by IL-17A and IL-17F",
                "Differential regulation of cytokine production in macrophages and T helper cells by IL-17A and IL-17F",
                "Hepatic fibrosis signalling pathway",
                "IL-12 signalling and production in macrophages",
                "iNOS signalling",
                "Neuroinflammation signalling pathway",
                "NF-κB signalling",
                "PD-1, PD-L1 cancer immunotherapy pathway",
                "PI3K/AKT signalling",
                "Production of nitric oxide and reactive oxygen species in macrophages",
                "Pyridoxal 5ʹ-phosphate salvage pathway",
                "Role of JAK1, JAK2, and TYK2 in interferon signalling",
                "Role of pattern recognition receptors in recognition of bacteria and viruses",
                "Th1 and Th2 activation pathway"
            ]
        }
    ]
}