{
    "article_id": "https://www.ncbi.nlm.nih.gov/pmc/articles/PMC10186977/",
    "data": [
        {
            "id": "data_1",
            "omics": "bulk RNA-seq data",
            "link": "",
            "format": "raw files",
            "source": "National Omics Data Encyclopedia",
            "public_id": ["OEP003718", "OEP003719"]
        },
        {
            "id": "data_2",
            "omics": "single-cell RNA sequencing data",
            "link": "",
            "format": "raw files",
            "source": " National Genomics Data Center",
            "public_id": "HRA003738"
        },
        {
            "id": "data_3",
            "omics": "proteomic data",
            "link": "https://www.iprox.cn/page/PSV023.html;?url=1683181621450EX28",
            "format": "raw files",
            "source": "iProX",
            "public_id": "IPX0004421000"
        },
        {
            "id": "data_4",
            "omics": "metabolomic data",
            "link": "https://www.iprox.cn/page/PSV023.html;?url=1683181621450EX28",
            "format": "raw files",
            "source": "iProX",
            "public_id": "IPX0004421000"
        },
        {
            "format": "",
            "id": "data_5",
            "link": "https://doi.org/10.5281/zenodo.7880998",
            "omics": "Data Analyses Code",
            "public_id": 1188465,
            "source": "Zenodo"
        }
    ],
    "analyses": [
        {"id": "analysis_1", "analysis_name": "Transcriptomics", "analysis_data": "data_1"},
        {"id": "analysis_2", "analysis_name": "Proteomics", "analysis_data": "data_3"},
        {"id": "analysis_3", "analysis_name": "Metabolomics", "analysis_data": "data_4"},
        {
            "id": "analysis_4",
            "analysis_name": "Clustering analysis",
            "analysis_data": ["analysis_2"]
        },
        {
            "id": "analysis_5",
            "analysis_name": "differentially expressed analysis",
            "analysis_data": ["analysis_2"],
            "label": {"group": ["Healthy", "Acute", "Post-acute"]}
        },
        {
            "id": "analysis_6",
            "analysis_name": "differentially expressed analysis",
            "analysis_data": ["analysis_1"],
            "label": {"group": ["Healthy", "Omicron", "Ancestral strain"]}
        },
        {
            "id": "analysis_7",
            "analysis_name": "single cell RNA sequencing analysis",
            "analysis_data": ["data_2"]
        },
        {
            "id":"analysis_8",
            "analysis_name":"Single cell cluster",
            "analysis_data":"analysis_7"
        },
        {
            "id": "analysis_9",
            "analysis_name": "logistic regression",
            "analysis_data": ["analysis_1", "analysis_2"]
        },
         {
             "id":"analysis_10",
            "analysis_name":"TCRseq",
            "analysis_data":"data_2"
        }
    ],
    "results": [
        {
            "analysis_id":"analysis_5",
            "features":"",
            "metrics":"",
            "value":["IFIT1","IFIT5","PARP14"]
        },
        {
            "analysis_id":"analysis_6",
            "features":"",
            "metrics":"",
            "value":["CD74","HLA-E","CXCL3","IFITM1","IFITM2","IFITM3","THBS1","MYL6","MYL9"]
        },
        {
            "analysis_id": "analysis_9",
            "metrics": "AUC",
            "value": [0.674, 0.659, 0.812, 0.855],
            "features": ["Clinical", "Metabolomic", "Proteomic", "all"]
        }
    ]
}