{
    "article_id": "https://academic.oup.com/ibdjournal/article/23/7/1098/4561113",
    "data": [
        {
            "id": "data_1",
            "omics": "RNA-seq",
            "link": "",
            "format": "fastq",
            "source": "",
            "public_id": ""
        }
    ],
    "analyses": [
        {
            "id": "analysis_1",
            "analysis_name": "RNA-seq",
            "analysis_data": ["data_1"]
        },
        {
            "id": "analysis_2",
            "analysis_name": "Differential expression analysis",
            "analysis_data": ["analysis_1"],
            "label": {"sample_type": ["IMCD", "HC"]}
        },
        {
            "id": "analysis_3",
            "analysis_name": "Differential expression analysis",
            "analysis_data": ["analysis_1"],
            "label": {"sample_type": ["NMCD", "HC"]}
        },
        {
            "id": "analysis_4",
            "analysis_name": "Differential expression analysis",
            "analysis_data": ["analysis_1"],
            "label": {"sample_type": ["IMCD", "NMCD"]}
        },
        {
            "id": "analysis_5",
            "analysis_name": "Functional enrichment analysis",
            "analysis_data": ["analysis_4"]
        },
        {
            "id": "analysis_6",
            "analysis_name": "Differential expression analysis",
            "analysis_data": ["analysis_1"],
            "label": {"sample_type": ["IMCD", "NMCD", "HC"]}
        }
    ],
    "results": [
        {
            "analysis_id": "analysis_2",
            "metrics": "fold_change",
            "value": [
                9946.796573,
                8299.77471,
                6619.842747,
                4231.65438,
                4182.246331,
                4107.821796,
                3279.988908,
                3105.034807,
                2915.17182,
                2715.586721,
                0.04449014,
                0.044402827,
                0.043521609,
                0.042313329,
                0.040803065,
                0.040439023,
                0.034136321,
                0.018622755,
                0.017659647,
                0.013934873
            ],
            "features": [
                "CCL25",
                "AQP9",
                "REG1B",
                "C17orf78",
                "SLC28A1",
                "APOA1",
                "APOB",
                "MMP3",
                "MTTP",
                "TREM1",
                "OTOP2",
                "CKB",
                "AQP8",
                "EVX1",
                "SLC38A4",
                "KRTAP13-2",
                "LRRN2",
                "HS3ST6",
                "ASPG",
                "FAM163B"
            ]
        },
        {
            "analysis_id": "analysis_2",
            "metrics": "p-value",
            "value": [
                4.59205e-08,
                0.000686612,
                2.35609e-06,
                5.13e-05,
                2.09155e-06,
                0.000558,
                3.36971e-07,
                8.95e-06,
                1.63e-08,
                0.007682614,
                7.93253e-16,
                1.19e-10,
                2.26434e-08,
                0.004511265,
                5.02e-11,
                0.000196,
                9.26e-16,
                7.76454e-07,
                2.17078e-07,
                1.14817e-05
            ],
            "features": [
                "CCL25",
                "AQP9",
                "REG1B",
                "C17orf78",
                "SLC28A1",
                "APOA1",
                "APOB",
                "MMP3",
                "MTTP",
                "TREM1",
                "OTOP2",
                "CKB",
                "AQP8",
                "EVX1",
                "SLC38A4",
                "KRTAP13-2",
                "LRRN2",
                "HS3ST6",
                "ASPG",
                "FAM163B"
            ]
        },
        {
            "analysis_id": "analysis_2",
            "metrics": "FDR-adjusted p-value",
            "value": [
                2.75656e-05,
                0.023838006,
                0.00050982,
                0.00494,
                0.000463353,
                0.020936153,
                0.000125414,
                0.001388664,
                1.42692e-05,
                0.092057795,
                8.61466e-12,
                2.01e-07,
                1.66351e-05,
                0.069021252,
                9.33337e-08,
                0.0113,
                8.61466e-12,
                0.000261033,
                8.5949e-05,
                0.001695737
            ],
            "features": [
                "CCL25",
                "AQP9",
                "REG1B",
                "C17orf78",
                "SLC28A1",
                "APOA1",
                "APOB",
                "MMP3",
                "MTTP",
                "TREM1",
                "OTOP2",
                "CKB",
                "AQP8",
                "EVX1",
                "SLC38A4",
                "KRTAP13-2",
                "LRRN2",
                "HS3ST6",
                "ASPG",
                "FAM163B"
            ]
        },
        {
            "analysis_id": "analysis_3",
            "metrics": "fold_change",
            "value": [
                12465.46213,
                5164.325873,
                5081.972024,
                4701.710927,
                4190.71382,
                4094.571873,
                4053.346465,
                3453.307681,
                3367.622091,
                2502.009694,
                0.301806964,
                0.258943407,
                0.242723638,
                0.235797476,
                0.22924255,
                0.185364118,
                0.180815536,
                0.116106785,
                0.109084498,
                0.070148224
            ],
            "features": [
                "CCL25",
                "SLC28A1",
                "APOA1",
                "C17orf78",
                "APOC3",
                "ENPP7",
                "APOA4",
                "APOB",
                "MTTP",
                "REG1B",
                "SYT17",
                "TMEM72",
                "GAL3ST2",
                "LRRN2",
                "PRKAA2",
                "HAVCR1",
                "NWD1",
                "RIMS4",
                "ASPG",
                "HS3ST6"
            ]
        },
        {
            "analysis_id": "analysis_3",
            "metrics": "p-value",
            "value": [
                2.4e-08,
                8.4523e-09,
                2.74107e-07,
                1.5856e-05,
                9.35069e-08,
                6.82e-05,
                5.94e-07,
                6.88e-10,
                9.07e-09,
                0.000461,
                0.000138866,
                0.000536067,
                0.00040129,
                3.18843e-08,
                0.000128699,
                2.26439e-07,
                0.000364961,
                0.000107792,
                0.000175131,
                0.000110907
            ],
            "features": [
                "CCL25",
                "SLC28A1",
                "APOA1",
                "C17orf78",
                "APOC3",
                "ENPP7",
                "APOA4",
                "APOB",
                "MTTP",
                "REG1B",
                "SYT17",
                "TMEM72",
                "GAL3ST2",
                "LRRN2",
                "PRKAA2",
                "HAVCR1",
                "NWD1",
                "RIMS4",
                "ASPG",
                "HS3ST6"
            ]
        },
        {
            "analysis_id": "analysis_3",
            "metrics": "FDR-adjusted p-value",
            "value": [
                0.00011174,
                5.64006e-05,
                0.000464761,
                0.011829173,
                0.000193777,
                0.031,
                0.000922811,
                1.28227e-05,
                5.64006e-05,
                0.084606815,
                0.044633482,
                0.089997783,
                0.078783765,
                0.000118935,
                0.043643037,
                0.000422332,
                0.074455573,
                0.040302559,
                0.049490508,
                0.040302559
            ],
            "features": [
                "CCL25",
                "SLC28A1",
                "APOA1",
                "C17orf78",
                "APOC3",
                "ENPP7",
                "APOA4",
                "APOB",
                "MTTP",
                "REG1B",
                "SYT17",
                "TMEM72",
                "GAL3ST2",
                "LRRN2",
                "PRKAA2",
                "HAVCR1",
                "NWD1",
                "RIMS4",
                "ASPG",
                "HS3ST6"
            ]
        },
        {
            "analysis_id": "analysis_4",
            "metrics": "fold_change",
            "value": [
                379.4179573,
                0.184584212,
                0.188916055,
                0.160420224,
                0.188663823,
                0.111799274,
                0.182281645,
                0.240421764,
                0.095074575,
                0.12163304,
                0.145437621
            ],
            "features": [
                "CSF3",
                "CA7",
                "CDHR1",
                "PDE6A",
                "FAM189A1",
                "HMGCS2",
                "TMEM72",
                "HAVCR1",
                "OTOP2",
                "SLC38A4",
                "LRRN2"
            ]
        },
        {
            "analysis_id": "analysis_4",
            "metrics": "p-value",
            "value": [
                5.53911e-05,
                7.91275e-05,
                1.0421e-06,
                1.903e-06,
                2.88345e-06,
                1.00864e-05,
                4.782e-05,
                6.89727e-05,
                3.48214e-10,
                3.16017e-05,
                1.90608e-05
            ],
            "features": [
                "CCL25",
                "SLC28A1",
                "APOA1",
                "C17orf78",
                "APOC3",
                "ENPP7",
                "APOA4",
                "APOB",
                "MTTP",
                "REG1B",
                "SYT17",
                "TMEM72",
                "GAL3ST2",
                "LRRN2",
                "PRKAA2",
                "HAVCR1",
                "NWD1",
                "RIMS4",
                "ASPG",
                "HS3ST6"
            ]
        },
        {
            "analysis_id": "analysis_4",
            "metrics": "FDR-adjusted p-value",
            "value": [
                0.080489613,
                0.092430858,
                0.009738388,
                0.010778343,
                0.010778343,
                0.030674563,
                0.080489613,
                0.085940007,
                6.50812e-06,
                0.065626295,
                0.044530727
            ],
            "features": [
                "CCL25",
                "SLC28A1",
                "APOA1",
                "C17orf78",
                "APOC3",
                "ENPP7",
                "APOA4",
                "APOB",
                "MTTP",
                "REG1B",
                "SYT17",
                "TMEM72",
                "GAL3ST2",
                "LRRN2",
                "PRKAA2",
                "HAVCR1",
                "NWD1",
                "RIMS4",
                "ASPG",
                "HS3ST6"
            ]
        },
        {
            "analysis_id": "analysis_5",
            "metrics": "",
            "value": "",
            "features": [
                "immune response (GO:0006955)",
                "cell adhesion (GO:007155)",
                "cell migration (GO:0016477)",
                "cell motion (GO:0006928)",
                "inflammatory response (GO:0006954)",
                "homeostasis process (GO:0042592)",
                "chemotaxis (GO:0006935)"
            ]
        },
        {
            "analysis_id": "analysis_6",
            "metrics": "",
            "value": "",
            "features": [
                "ANGPT2",
                "CHN1",
                "CPXM1",
                "CPZ",
                "CXCL1",
                "FCN3",
                "GJC1",
                "HSD11B1",
                "LZTS1",
                "MEOX1",
                "MMP12",
                "PLA1A",
                "SERPINE1",
                "SGIP1",
                "TRPC4",
                "FAM189A1",
                "HMGCS2",
                "PDE6A",
                "SLC38A4"
            ]
        }
    ]
}