{
    "article_id": "https://bmccancer.biomedcentral.com/articles/10.1186/s12885-021-07888-4",
    "data": [
        {
            "id": "data_1",
            "omics": "RNA-seq",
            "link": "https://xenabrowser.net/",
            "format": "HTSeq-FPKM and HTSeq-count",
            "source": "TCGA",
            "public_id": "LUAD"
        },
        {
            "id": "data_2",
            "omics": "Masked Copy Number Segment",
            "link": "https://portal.gdc.cancer.gov/",
            "format": "Masked Copy Number Segment",
            "source": "Genomic Data Commons (GDC)",
            "public_id": "TCGA-LUAD"
        },
        {
            "id": "data_3",
            "omics": "methylation",
            "link": "https://portal.gdc.cancer.gov/",
            "format": "450K methylation data",
            "source": "TCGA",
            "public_id": "TCGA-LUAD"
        },
        {
            "id": "data_4",
            "omics": "SNV mutation",
            "link": "https://portal.gdc.cancer.gov/",
            "format": "SNV mutation mutect2 data",
            "source": "TCGA",
            "public_id": "TCGA-LUAD"
        },
        {
            "id": "data_5",
            "omics": "LUAD expression profiles",
            "link": "https://www.ncbi.nlm.nih.gov/gds/",
            "format": "expression profiles",
            "source": "Gene Expression Omnibus (GEO)",
            "public_id": "GSE31210"
        },
        {
            "id": "data_6",
            "omics": "LUAD expression profiles",
            "link": "https://www.ncbi.nlm.nih.gov/gds/",
            "format": "expression profiles",
            "source": "Gene Expression Omnibus (GEO)",
            "public_id": "GSE37745"
        },
        {
            "id": "data_7",
            "omics": "tumor immune microenvironment",
            "link": "https://cistrome.shinyapps.io/timer/",
            "sourse": "TIMER",
            "format": "txt",
            "public_id": "TCGA-LUAD"
        }
    ],
    "analyses": [
        {
            "id": "analysis_1",
            "analysis_name": "Correlation",
            "analysis_data": ["data_1", "data_2"]
        },
        {
            "id": "analysis_2",
            "analysis_name": "Correlation",
            "analysis_data": ["data_1", "data_3"]
        },
        {
            "id": "analysis_3",
            "analysis_name": "Correlation",
            "analysis_data": ["data_2", "data_3"]
        },
        {
            "id": "analysis_4",
            "analysis_name": "Survival analysis",
            "training_set": ["data_1", "data_2", "data_3"],
            "label": {"subgroups": ["CNVcorC1", "CNVcorC2"]}
        },
        {
            "id": "analysis_5",
            "analysis_name": "NMF cluster analysis",
            "training_set": ["analysis_4"]
        },
        {
            "id": "analysis_6",
            "analysis_name": "Survival analysis",
            "training_set": ["analysis_5"],
            "label": {"subgroups": ["METcorC1", "METcorC2"]}
        },
        {
            "id": "analysis_7",
            "analysis_name": "Differential Analysis",
            "analysis_data": ["data_1", "data_2", "data_3", "analysis_5"],
            "label": {"iCluster subtype": ["iC1", "iC2"]}
        },
        {
            "id": "analysis_8",
            "analysis_name": "iCluster multi-omics clustering",
            "analysis_data": ["data_1", "data_2", "data_3"],
            "label": {
                "cluster": [
                    "iC1",
                    "iC2"
                ]
            }
        },
        {
            "id": "analysis_9",
            "analysis_name": "relative abundance of immune cells",
            "analysis_data": ["data_1"]
        },
        {
            "id": "analysis_10",
            "analysis_name": "Differential Analysis",
            "analysis_data": ["data_1"],
            "label": {
                "group": [
                    "normal",
                    "tumor"
                ]
            }
        },
        {
            "id": "analysis_11",
            "analysis_name": "Differential Analysis",
            "analysis_data": ["data_4"],
            "label": {"iCluster subtype": ["iC1", "iC2"]}
        },
        {
            "id": "analysis_12",
            "analysis_name": "Correlation",
            "analysis_data": ["data_4", "data_1"]
        },
        {
            "id": "analysis_13",
            "analysis_name": "Survival analysis",
            "training_set": ["data_5", "data_6"],
            "label": {"CNTN4 expression": ["low", "high"], "RFTN1 expression": ["low", "high"]}
        },
        {
            "id": "analysis_14",
            "analysis_name": "Survival analysis",
            "training_set": ["data_6"],
            "label": {"CNTN4 expression": ["low", "high"], "RFTN1 expression": ["low", "high"]}
        },
        {
            "id": "analysis_15",
            "analysis_name": "Correlation",
            "analysis_data": ["data_2", "data_3"],
            "label": {
                "status": [
                    "cnv gain",
                    "cnv loss",
                    "hypermethylation",
                    "hypomethylation"
                ]
            }
        },
        {
            "id": "analysis_16",
            "analysis_name": "TIMER analysis",
            "analysis_data": ["data_7"],
            "label": {"cluster": ["iC1", "iC2"]}
        }
    ],
    "results": [
        {
            "analysis_id": "analysis_1",
            "metrics": "Correlation",
            "value": [
                0.859794,
                0.857706,
                0.832865,
                0.826347,
                0.813222,
                0.802268,
                0.799628,
                0.799125,
                0.792855,
                0.792634
            ],
            "features": [
                "POP4",
                "ASH2L",
                "SRP54",
                "LSM1",
                "C19orf12",
                "CUL4A",
                "DDHD2",
                "URI1",
                "PROSC",
                "GOLGA7"
            ]
        },
        {
            "analysis_id": "analysis_1",
            "metrics": "P-value",
            "value": [
                "< 0.0001",
                "< 0.0001",
                "< 0.0001",
                "< 0.0001",
                "< 0.0001",
                "< 0.0001",
                "< 0.0001",
                "< 0.0001",
                "< 0.0001",
                "< 0.0001"
            ],
            "features": [
                "POP4",
                "ASH2L",
                "SRP54",
                "LSM1",
                "C19orf12",
                "CUL4A",
                "DDHD2",
                "URI1",
                "PROSC",
                "GOLGA7"
            ]
        },
        {
            "analysis_id": "analysis_1",
            "metrics": "Z value",
            "value": [
                2.585108,
                2.569202,
                2.394834,
                2.353014,
                2.27294,
                2.209889,
                2.19516,
                2.192373,
                2.158146,
                2.156956
            ],
            "features": [
                "POP4",
                "ASH2L",
                "SRP54",
                "LSM1",
                "C19orf12",
                "CUL4A",
                "DDHD2",
                "URI1",
                "PROSC",
                "GOLGA7"
            ]
        },
        {
            "analysis_id": "analysis_1",
            "metrics": "Adjusted p-value",
            "value": [
                "< 0.0001",
                "< 0.0001",
                "< 0.0001",
                "< 0.0001",
                "< 0.0001",
                "< 0.0001",
                "< 0.0001",
                "< 0.0001",
                "< 0.0001",
                "< 0.0001"
            ],
            "features": [
                "POP4",
                "ASH2L",
                "SRP54",
                "LSM1",
                "C19orf12",
                "CUL4A",
                "DDHD2",
                "URI1",
                "PROSC",
                "GOLGA7"
            ]
        },
        {
            "analysis_id": "analysis_1",
            "metrics": "Correlation",
            "value": [
                -0.95789,
                -0.94634,
                -0.91787,
                -0.89925,
                -0.89162,
                -0.86751,
                -0.86258,
                -0.8603,
                -0.85931,
                -0.85871,
                0.743871,
                0.710646,
                0.694593,
                0.688322,
                0.687689,
                0.683554,
                0.638808,
                0.636795,
                0.63079,
                0.625825
            ],
            "features": [
                ["cg16550453", "TDRD1"],
                ["cg26600802", "TDRD1"],
                ["cg27547703", "TDRD1"],
                ["cg03669949", "DDX43"],
                ["cg04131456", "TUBA3C"],
                ["cg18527919", "FAM228A"],
                ["cg04511534", "GGT6"],
                ["cg23504215", "TDRD1"],
                ["cg10088332", "GTSF1"],
                ["cg00215587", "MKRN3"],
                ["cg24809845", "KCNK1"],
                ["cg14853341", "KCNK1"],
                ["cg15817960", "HOXC6"],
                ["cg22702618", "CRLF1"],
                ["cg13299984", "PRDM16"],
                ["cg06714180", "HOXC6"],
                ["cg01062942", "RASAL3"],
                ["cg17126555", "ICAM3"],
                ["cg22987448", "MYO1F"],
                ["cg01336912", "PALM3"]
            ]
        },
        {
            "analysis_id": "analysis_1",
            "metrics": "P-value",
            "value": [
                "< 0.0001",
                "< 0.0001",
                "< 0.0001",
                "< 0.0001",
                "< 0.0001",
                "< 0.0001",
                "< 0.0001",
                "< 0.0001",
                "< 0.0001",
                "< 0.0001",
                "< 0.0001",
                "< 0.0001",
                "< 0.0001",
                "< 0.0001",
                "< 0.0001",
                "< 0.0001",
                "< 0.0001",
                "< 0.0001",
                "< 0.0001",
                "< 0.0001"
            ],
            "features": [
                ["cg16550453", "TDRD1"],
                ["cg26600802", "TDRD1"],
                ["cg27547703", "TDRD1"],
                ["cg03669949", "DDX43"],
                ["cg04131456", "TUBA3C"],
                ["cg18527919", "FAM228A"],
                ["cg04511534", "GGT6"],
                ["cg23504215", "TDRD1"],
                ["cg10088332", "GTSF1"],
                ["cg00215587", "MKRN3"],
                ["cg24809845", "KCNK1"],
                ["cg14853341", "KCNK1"],
                ["cg15817960", "HOXC6"],
                ["cg22702618", "CRLF1"],
                ["cg13299984", "PRDM16"],
                ["cg06714180", "HOXC6"],
                ["cg01062942", "RASAL3"],
                ["cg17126555", "ICAM3"],
                ["cg22987448", "MYO1F"],
                ["cg01336912", "PALM3"]
            ]
        },
        {
            "analysis_id": "analysis_1",
            "metrics": "Z value",
            "value": [
                -3.83943,
                -3.59094,
                -3.15072,
                -2.93658,
                -2.85958,
                -2.64587,
                -2.60665,
                -2.58903,
                -2.58142,
                -2.57679,
                1.918181,
                1.776976,
                1.713553,
                1.68952,
                1.687116,
                1.67151,
                1.512315,
                1.505528,
                1.485454,
                1.469047
            ],
            "features": [
                ["cg16550453", "TDRD1"],
                ["cg26600802", "TDRD1"],
                ["cg27547703", "TDRD1"],
                ["cg03669949", "DDX43"],
                ["cg04131456", "TUBA3C"],
                ["cg18527919", "FAM228A"],
                ["cg04511534", "GGT6"],
                ["cg23504215", "TDRD1"],
                ["cg10088332", "GTSF1"],
                ["cg00215587", "MKRN3"],
                ["cg24809845", "KCNK1"],
                ["cg14853341", "KCNK1"],
                ["cg15817960", "HOXC6"],
                ["cg22702618", "CRLF1"],
                ["cg13299984", "PRDM16"],
                ["cg06714180", "HOXC6"],
                ["cg01062942", "RASAL3"],
                ["cg17126555", "ICAM3"],
                ["cg22987448", "MYO1F"],
                ["cg01336912", "PALM3"]
            ]
        },
        {
            "analysis_id": "analysis_1",
            "metrics": "Adjusted p-value",
            "value": [
                "< 0.0001",
                "< 0.0001",
                "< 0.0001",
                "< 0.0001",
                "< 0.0001",
                "< 0.0001",
                "< 0.0001",
                "< 0.0001",
                "< 0.0001",
                "< 0.0001",
                "< 0.0001",
                "< 0.0001",
                "< 0.0001",
                "< 0.0001",
                "< 0.0001",
                "< 0.0001",
                "< 0.0001",
                "< 0.0001",
                "< 0.0001",
                "< 0.0001"
            ],
            "features": [
                ["cg16550453", "TDRD1"],
                ["cg26600802", "TDRD1"],
                ["cg27547703", "TDRD1"],
                ["cg03669949", "DDX43"],
                ["cg04131456", "TUBA3C"],
                ["cg18527919", "FAM228A"],
                ["cg04511534", "GGT6"],
                ["cg23504215", "TDRD1"],
                ["cg10088332", "GTSF1"],
                ["cg00215587", "MKRN3"],
                ["cg24809845", "KCNK1"],
                ["cg14853341", "KCNK1"],
                ["cg15817960", "HOXC6"],
                ["cg22702618", "CRLF1"],
                ["cg13299984", "PRDM16"],
                ["cg06714180", "HOXC6"],
                ["cg01062942", "RASAL3"],
                ["cg17126555", "ICAM3"],
                ["cg22987448", "MYO1F"],
                ["cg01336912", "PALM3"]
            ]
        },
        {
            "analysis_id": "analysis_2",
            "metrics": "Correlation",
            "value": [
                -0.95789,
                -0.94634,
                -0.91787,
                -0.89925,
                -0.89162,
                -0.86751,
                -0.86258,
                -0.8603,
                -0.85931,
                -0.85871,
                0.743871,
                0.710646,
                0.694593,
                0.688322,
                0.687689,
                0.683554,
                0.638808,
                0.636795,
                0.63079,
                0.625825
            ],
            "features": [
                ["cg16550453", "TDRD1"],
                ["cg26600802", "TDRD1"],
                ["cg27547703", "TDRD1"],
                ["cg03669949", "DDX43"],
                ["cg04131456", "TUBA3C"],
                ["cg18527919", "FAM228A"],
                ["cg04511534", "GGT6"],
                ["cg23504215", "TDRD1"],
                ["cg10088332", "GTSF1"],
                ["cg00215587", "MKRN3"],
                ["cg24809845", "KCNK1"],
                ["cg14853341", "KCNK1"],
                ["cg15817960", "HOXC6"],
                ["cg22702618", "CRLF1"],
                ["cg13299984", "PRDM16"],
                ["cg06714180", "HOXC6"],
                ["cg01062942", "RASAL3"],
                ["cg17126555", "ICAM3"],
                ["cg22987448", "MYO1F"],
                ["cg01336912", "PALM3"]
            ]
        },
        {
            "analysis_id": "analysis_2",
            "metrics": "P-value",
            "value": [
                "< 0.0001",
                "< 0.0001",
                "< 0.0001",
                "< 0.0001",
                "< 0.0001",
                "< 0.0001",
                "< 0.0001",
                "< 0.0001",
                "< 0.0001",
                "< 0.0001",
                "< 0.0001",
                "< 0.0001",
                "< 0.0001",
                "< 0.0001",
                "< 0.0001",
                "< 0.0001",
                "< 0.0001",
                "< 0.0001",
                "< 0.0001",
                "< 0.0001"
            ],
            "features": [
                ["cg16550453", "TDRD1"],
                ["cg26600802", "TDRD1"],
                ["cg27547703", "TDRD1"],
                ["cg03669949", "DDX43"],
                ["cg04131456", "TUBA3C"],
                ["cg18527919", "FAM228A"],
                ["cg04511534", "GGT6"],
                ["cg23504215", "TDRD1"],
                ["cg10088332", "GTSF1"],
                ["cg00215587", "MKRN3"],
                ["cg24809845", "KCNK1"],
                ["cg14853341", "KCNK1"],
                ["cg15817960", "HOXC6"],
                ["cg22702618", "CRLF1"],
                ["cg13299984", "PRDM16"],
                ["cg06714180", "HOXC6"],
                ["cg01062942", "RASAL3"],
                ["cg17126555", "ICAM3"],
                ["cg22987448", "MYO1F"],
                ["cg01336912", "PALM3"]
            ]
        },
        {
            "analysis_id": "analysis_2",
            "metrics": "Z value",
            "value": [
                -3.83943,
                -3.59094,
                -3.15072,
                -2.93658,
                -2.85958,
                -2.64587,
                -2.60665,
                -2.58903,
                -2.58142,
                -2.57679,
                1.918181,
                1.776976,
                1.713553,
                1.68952,
                1.687116,
                1.67151,
                1.512315,
                1.505528,
                1.485454,
                1.469047
            ],
            "features": [
                ["cg16550453", "TDRD1"],
                ["cg26600802", "TDRD1"],
                ["cg27547703", "TDRD1"],
                ["cg03669949", "DDX43"],
                ["cg04131456", "TUBA3C"],
                ["cg18527919", "FAM228A"],
                ["cg04511534", "GGT6"],
                ["cg23504215", "TDRD1"],
                ["cg10088332", "GTSF1"],
                ["cg00215587", "MKRN3"],
                ["cg24809845", "KCNK1"],
                ["cg14853341", "KCNK1"],
                ["cg15817960", "HOXC6"],
                ["cg22702618", "CRLF1"],
                ["cg13299984", "PRDM16"],
                ["cg06714180", "HOXC6"],
                ["cg01062942", "RASAL3"],
                ["cg17126555", "ICAM3"],
                ["cg22987448", "MYO1F"],
                ["cg01336912", "PALM3"]
            ]
        },
        {
            "analysis_id": "analysis_2",
            "metrics": "Adjusted p-value",
            "value": [
                "< 0.0001",
                "< 0.0001",
                "< 0.0001",
                "< 0.0001",
                "< 0.0001",
                "< 0.0001",
                "< 0.0001",
                "< 0.0001",
                "< 0.0001",
                "< 0.0001",
                "< 0.0001",
                "< 0.0001",
                "< 0.0001",
                "< 0.0001",
                "< 0.0001",
                "< 0.0001",
                "< 0.0001",
                "< 0.0001",
                "< 0.0001",
                "< 0.0001"
            ],
            "features": [
                ["cg16550453", "TDRD1"],
                ["cg26600802", "TDRD1"],
                ["cg27547703", "TDRD1"],
                ["cg03669949", "DDX43"],
                ["cg04131456", "TUBA3C"],
                ["cg18527919", "FAM228A"],
                ["cg04511534", "GGT6"],
                ["cg23504215", "TDRD1"],
                ["cg10088332", "GTSF1"],
                ["cg00215587", "MKRN3"],
                ["cg24809845", "KCNK1"],
                ["cg14853341", "KCNK1"],
                ["cg15817960", "HOXC6"],
                ["cg22702618", "CRLF1"],
                ["cg13299984", "PRDM16"],
                ["cg06714180", "HOXC6"],
                ["cg01062942", "RASAL3"],
                ["cg17126555", "ICAM3"],
                ["cg22987448", "MYO1F"],
                ["cg01336912", "PALM3"]
            ]
        },
        {
            "analysis_id": "analysis_3",
            "metrics": "r",
            "value": [0.32, 0.14, 0.26, 0.14, 0.21, -0.18],
            "features": [
                ["CNV gain", "CNV loss"],
                ["CNV gain", "hypermethylation"],
                ["CNV gain", "hypomethylation"],
                ["CNV loss", "hypermethylation"],
                ["CNV loss", "hypomethylation"],
                ["hypermethylation", "hypomethylation"]
            ]
        },
        {
            "analysis_id": "analysis_3",
            "metrics": "p",
            "value": [2e-11, 0.0049, 7.8e-08, 0.0045, 1.1e-05, 0.00011],
            "features": [
                ["CNV gain", "CNV loss"],
                ["CNV gain", "hypermethylation"],
                ["CNV gain", "hypomethylation"],
                ["CNV loss", "hypermethylation"],
                ["CNV loss", "hypomethylation"],
                ["hypermethylation", "hypomethylation"]
            ]
        },
        {
            "analysis_id": "analysis_4",
            "metrics": "OS HR",
            "value": ["0.74 (0.57-0.97)", "0.64 (0.53-0.78)"],
            "features": ["CNTN4", "RFTN1"]
        },
        {
            "analysis_id": "analysis_4",
            "metrics": "OS p",
            "value": [0.031, 5.1e-06],
            "features": ["CNTN4", "RFTN1"]
        },
        {
            "analysis_id": "analysis_4",
            "metrics": "PFS HR",
            "value": ["0.57 (0.48-0.68)", "0.61 (0.54-0.70)"],
            "features": ["CNTN4", "RFTN1"]
        },
        {
            "analysis_id": "analysis_4",
            "metrics": "PFS p",
            "value": [4.7e-11, 3.4e-14],
            "features": ["CNTN4", "RFTN1"]
        },
        {
            "analysis_id": "analysis_4",
            "metrics": "DSS HR",
            "value": ["0.87 (0.56-1.33)", "0.75 (0.58-0.96)"],
            "features": ["CNTN4", "RFTN1"]
        },
        {
            "analysis_id": "analysis_4",
            "metrics": "DSS p",
            "value": [0.51, 0.025],
            "features": ["CNTN4", "RFTN1"]
        },
        {
            "analysis_id": "analysis_8",
            "metrics": "p",
            "value": ["<0.0001"],
            "features": ["iC1", "iC2"]
        },
        {
            "analysis_id": "analysis_10",
            "metrics": "p",
            "value": ["<0.05"],
            "features": ["CNTN4"]
        },
        {
            "analysis_id": "analysis_10",
            "metrics": "p",
            "value": [">0.05"],
            "features": ["RFTN1"]
        },
        {
            "analysis_id": "analysis_12",
            "metrics": "Correlation",
            "value": [
                0.359911,
                0.359911,
                0.359911,
                0.359911,
                0.359911,
                0.359911,
                0.359911,
                0.359911,
                0.359911,
                0.359911,
                0.138143,
                0.13615,
                0.13615,
                0.13615,
                0.13615,
                0.13615,
                0.13615,
                0.13615,
                0.13615,
                0.13615
            ],
            "features": [
                ["CNTN4", "p.G1990W"],
                ["CNTN4", "p.A102A"],
                ["CNTN4", "p.F130Y"],
                ["CNTN4", "p.L247L"],
                ["CNTN4", "p.P794T"],
                ["CNTN4", "p.P1038H"],
                ["CNTN4", "p.K543K"],
                ["CNTN4", "p.D959Y"],
                ["CNTN4", "p.K337N"],
                ["CNTN4", "p.S469S"],
                ["RFTN1", "p.L180L"],
                ["RFTN1", "p.W2084R"],
                ["RFTN1", "p.V426Qfs*9"],
                ["RFTN1", "p.S45C"],
                ["RFTN1", "p.S45I"],
                ["RFTN1", "p.S49A"],
                ["RFTN1", "p.P164P"],
                ["RFTN1", "p.T661T"],
                ["RFTN1", "p.P325S"],
                ["RFTN1", "p.L265V"]
            ]
        },
        {
            "analysis_id": "analysis_12",
            "metrics": "P-value",
            "value": [
                "< 0.0001",
                "< 0.0001",
                "< 0.0001",
                "< 0.0001",
                "< 0.0001",
                "< 0.0001",
                "< 0.0001",
                "< 0.0001",
                "< 0.0001",
                "< 0.0001",
                "0.003851",
                "0.004399",
                "0.004399",
                "0.004399",
                "0.004399",
                "0.004399",
                "0.004399",
                "0.004399",
                "0.004399",
                "0.004399"
            ],
            "features": [
                ["CNTN4", "p.G1990W"],
                ["CNTN4", "p.A102A"],
                ["CNTN4", "p.F130Y"],
                ["CNTN4", "p.L247L"],
                ["CNTN4", "p.P794T"],
                ["CNTN4", "p.P1038H"],
                ["CNTN4", "p.K543K"],
                ["CNTN4", "p.D959Y"],
                ["CNTN4", "p.K337N"],
                ["CNTN4", "p.S469S"],
                ["RFTN1", "p.L180L"],
                ["RFTN1", "p.W2084R"],
                ["RFTN1", "p.V426Qfs*9"],
                ["RFTN1", "p.S45C"],
                ["RFTN1", "p.S45I"],
                ["RFTN1", "p.S49A"],
                ["RFTN1", "p.P164P"],
                ["RFTN1", "p.T661T"],
                ["RFTN1", "p.P325S"],
                ["RFTN1", "p.L265V"]
            ]
        },
        {
            "analysis_id": "analysis_13",
            "metrics": "HR",
            "value": ["0.15 (0.05-0.49)", "0.41 (0.2-0.86)"],
            "features": ["CNTN4", "RFTN1"]
        },
        {
            "analysis_id": "analysis_13",
            "metrics": "P",
            "value": [0.00029, 0.015],
            "features": ["CNTN4", "RFTN1"]
        },
        {
            "analysis_id": "analysis_14",
            "metrics": "HR",
            "value": ["0.57 (0.39-0.83)", "0.6 (0.42-0.86)"],
            "features": ["CNTN4", "RFTN1"]
        },
        {
            "analysis_id": "analysis_14",
            "metrics": "P",
            "value": [0.0029, 0.0047],
            "features": ["CNTN4", "RFTN1"]
        },
        {
            "analysis_id": "analysis_15",
            "metrics": "p",
            "value": [2.2e-6, 0.82, 0.11, 0.42, 0.82, 0.077],
            "features": ["iC1", "iC2"]
        }
    ]
}