{
    "article_id": "https://translational-medicine.biomedcentral.com/articles/10.1186/s12967-023-04683-6#additional-information",
    "data": [
        {
            "format": "",
            "id": "data_1",
            "link": "",
            "omics": "Single-cell RNA-seq",
            "public_id": "GSE193337",
            "source": "GEO"
        },
        {
            "format": "",
            "id": "data_2",
            "link": "",
            "omics": "Single-cell RNA-seq",
            "public_id": "GSE185344",
            "source": "GEO"
        },
        {
            "format": "",
            "id": "data_3",
            "link": "",
            "omics": "Single-cell RNA-seq",
            "public_id": "GSE176031",
            "source": "GEO"
        },
        {
            "format": "",
            "id": "data_4",
            "link": "",
            "omics": "Single-cell RNA-seq",
            "public_id": "prostate_portal_300921",
            "source": "Prostate Cell Atlas"
        },
        {
            "format": "",
            "id": "data_5",
            "link": "",
            "omics": "Single-cell RNA-seq",
            "public_id": "GSE141445",
            "source": "GEO"
        },
        {
            "format": "",
            "id": "data_6",
            "link": "",
            "omics": "Bulk RNA-seq",
            "public_id": "TCGA-PRAD",
            "source": "TCGA"
        },
        {
            "format": "",
            "id": "data_7",
            "link": "",
            "omics": "Bulk RNA-seq",
            "public_id": "GSE35988",
            "source": "GEO"
        },
        {
            "format": "",
            "id": "data_8",
            "link": "",
            "omics": "Bulk RNA-seq",
            "public_id": "GSE94767",
            "source": "GEO"
        },
        {
            "format": "",
            "id": "data_9",
            "link": "",
            "omics": "Bulk RNA-seq",
            "public_id": "GSE134051",
            "source": "GEO"
        },
        {
            "format": "",
            "id": "data_10",
            "link": "",
            "omics": "Bulk RNA-seq",
            "public_id": "GSE183019",
            "source": "GEO"
        },
        {
            "format": "",
            "id": "data_11",
            "link": "",
            "omics": "Bulk RNA-seq",
            "public_id": "GSE21034",
            "source": "GEO"
        },
        {
            "format": "",
            "id": "data_12",
            "link": "",
            "omics": "Bulk RNA-seq",
            "public_id": "GSE6099",
            "source": "GEO"
        },
        {
            "format": "",
            "id": "data_13",
            "link": "",
            "omics": "Bulk RNA-seq",
            "public_id": "prad_su2c_2019",
            "source": "cBioPortal"
        },
        {
            "format": "",
            "id": "data_14",
            "link": "",
            "omics": "Bulk RNA-seq",
            "public_id": "WCDT",
            "source": "WCDT"
        },
        {
            "format": "",
            "id": "data_15",
            "link": "",
            "omics": "Bulk RNA-seq",
            "public_id": "prostate_dkfz_2018",
            "source": "cBioPortal"
        },
        {
            "format": "",
            "id": "data_16",
            "link": "",
            "omics": "Bulk RNA-seq",
            "public_id": "GSE70770",
            "source": "GEO"
        },
        {
            "format": "",
            "id": "data_17",
            "link": "",
            "omics": "Bulk RNA-seq",
            "public_id": "GSE46602",
            "source": "GEO"
        },
        {
            "format": "",
            "id": "data_18",
            "link": "",
            "omics": "Bulk RNA-seq",
            "public_id": "GSE54460",
            "source": "GEO"
        },
        {
            "format": "",
            "id": "data_19",
            "link": "",
            "omics": "Bulk RNA-seq",
            "public_id": "GSE84042",
            "source": "GEO"
        },
        {
            "format": "",
            "id": "data_20",
            "link": "",
            "omics": "Bulk RNA-seq",
            "public_id": "GSE116918",
            "source": "GEO"
        },
        {
            "format": "",
            "id": "data_21",
            "link": "",
            "omics": "Bulk RNA-seq",
            "public_id": "E-MTAB-6128",
            "source": "ArrayExpress"
        },
        {
            "format": "",
            "id": "data_22",
            "link": "",
            "omics": "Bulk RNA-seq",
            "public_id": "Alumkal_2020",
            "source": "Supplements"
        },
        {
            "format": "",
            "id": "data_23",
            "link": "",
            "omics": "Bulk RNA-seq",
            "public_id": "GSE6811",
            "source": "GEO"
        },
        {
            "format": "",
            "id": "data_24",
            "link": "",
            "omics": "Bulk RNA-seq",
            "public_id": "GSE28680",
            "source": "GEO"
        },
        {
            "format": "",
            "id": "data_25",
            "link": "",
            "omics": "Bulk RNA-seq",
            "public_id": "GSE46691",
            "source": "GEO"
        },
        {
            "format": "",
            "id": "data_26",
            "link": "",
            "omics": "Bulk RNA-seq",
            "public_id": "TcgaTargetGtex",
            "source": "UCSC Xena"
        },
        {
            "format": "",
            "id": "data_27",
            "link": "",
            "omics": "Bulk RNA-seq",
            "public_id": "PCAWG",
            "source": "UCSC Xena"
        },
        {
            "format": "",
            "id": "data_28",
            "link": "",
            "omics": "Bulk RNA-seq",
            "public_id": "ICGC",
            "source": "UCSC Xena"
        },
        {
            "format": "",
            "id": "data_29",
            "link": "",
            "omics": "Bulk RNA-seq",
            "public_id": "GSE2109",
            "source": "GEO"
        },
        {
            "format": "",
            "id": "data_30",
            "link": "",
            "omics": "Bulk RNA-seq",
            "public_id": "IMvigor210",
            "source": "R package"
        },
        {
            "format": "",
            "id": "data_31",
            "link": "",
            "omics": "Bulk RNA-seq",
            "public_id": "Kallisto",
            "source": "zenodo"
        },
        {
            "format": "",
            "id": "data_32",
            "link": "",
            "omics": "Bulk RNA-seq",
            "public_id": "GSE111636",
            "source": "GEO"
        },
        {
            "format": "",
            "id": "data_33",
            "link": "",
            "omics": "Bulk RNA-seq",
            "public_id": "GSE173839",
            "source": "GEO"
        },
        {
            "format": "",
            "id": "data_34",
            "link": "",
            "omics": "Bulk RNA-seq",
            "public_id": "GSE194040",
            "source": "GEO"
        },
        {
            "format": "",
            "id": "data_35",
            "link": "",
            "omics": "Bulk RNA-seq",
            "public_id": "phs002419",
            "source": "dbGaP"
        },
        {
            "format": "",
            "id": "data_36",
            "link": "",
            "omics": "Bulk RNA-seq",
            "public_id": "Checkmate009",
            "source": "ArrayExpress"
        },
        {
            "format": "",
            "id": "data_37",
            "link": "",
            "omics": "Bulk RNA-seq",
            "public_id": "Checkmate010",
            "source": "Supplements"
        },
        {
            "format": "",
            "id": "data_38",
            "link": "",
            "omics": "Bulk RNA-seq",
            "public_id": "Checkmate025",
            "source": "EGA"
        },
        {
            "format": "",
            "id": "data_39",
            "link": "",
            "omics": "Bulk RNA-seq",
            "public_id": "E_MTAB_3218",
            "source": "ArrayExpress"
        },
        {
            "format": "",
            "id": "data_40",
            "link": "",
            "omics": "Bulk RNA-seq",
            "public_id": "Miao_2018",
            "source": ""
        },
        {
            "format": "",
            "id": "data_41",
            "link": "",
            "omics": "Bulk RNA-seq",
            "public_id": "GSE67501",
            "source": "GEO"
        },
        {
            "format": "",
            "id": "data_42",
            "link": "",
            "omics": "Bulk RNA-seq",
            "public_id": "IMmotion151",
            "source": "EGA"
        },
        {
            "format": "",
            "id": "data_43",
            "link": "",
            "omics": "Bulk RNA-seq",
            "public_id": "Javelin101",
            "source": "Supplements"
        },
        {
            "format": "",
            "id": "data_44",
            "link": "",
            "omics": "Bulk RNA-seq",
            "public_id": "GSE179730",
            "source": "GEO"
        },
        {
            "format": "",
            "id": "data_45",
            "link": "",
            "omics": "Bulk RNA-seq",
            "public_id": "GSE162137",
            "source": "GEO"
        },
        {
            "format": "",
            "id": "data_46",
            "link": "",
            "omics": "Bulk RNA-seq",
            "public_id": "GSE165252",
            "source": "GEO"
        },
        {
            "format": "",
            "id": "data_47",
            "link": "",
            "omics": "Bulk RNA-seq",
            "public_id": "PRJNA482620",
            "source": "NCBI"
        },
        {
            "format": "",
            "id": "data_48",
            "link": "",
            "omics": "Bulk RNA-seq",
            "public_id": "PRJEB25780",
            "source": "NCBI"
        },
        {
            "format": "",
            "id": "data_49",
            "link": "",
            "omics": "Bulk RNA-seq",
            "public_id": "GSE195832",
            "source": "Mendeley Data"
        },
        {
            "format": "",
            "id": "data_50",
            "link": "",
            "omics": "Bulk RNA-seq",
            "public_id": "TJ_Val",
            "source": "Mendeley Data"
        },
        {
            "format": "",
            "id": "data_51",
            "link": "",
            "omics": "Bulk RNA-seq",
            "public_id": "GSE126044",
            "source": "GEO"
        },
        {
            "format": "",
            "id": "data_52",
            "link": "",
            "omics": "Bulk RNA-seq",
            "public_id": "GSE135222",
            "source": "GEO"
        },
        {
            "format": "",
            "id": "data_53",
            "link": "",
            "omics": "Bulk RNA-seq",
            "public_id": "OAK",
            "source": "EGA"
        },
        {
            "format": "",
            "id": "data_54",
            "link": "",
            "omics": "Bulk RNA-seq",
            "public_id": "POPLAR",
            "source": "EGA"
        },
        {
            "format": "",
            "id": "data_55",
            "link": "",
            "omics": "Bulk RNA-seq",
            "public_id": "Checkmate038",
            "source": "ArrayExpress"
        },
        {
            "format": "",
            "id": "data_56",
            "link": "",
            "omics": "Bulk RNA-seq",
            "public_id": "GSE115821",
            "source": "GEO"
        },
        {
            "format": "",
            "id": "data_57",
            "link": "",
            "omics": "Bulk RNA-seq",
            "public_id": "GSE131521",
            "source": "GEO"
        },
        {
            "format": "",
            "id": "data_58",
            "link": "",
            "omics": "Bulk RNA-seq",
            "public_id": "GSE78220",
            "source": "GEO"
        },
        {
            "format": "",
            "id": "data_59",
            "link": "",
            "omics": "Bulk RNA-seq",
            "public_id": "GSE91061",
            "source": "GEO"
        },
        {
            "format": "",
            "id": "data_60",
            "link": "",
            "omics": "Bulk RNA-seq",
            "public_id": "phs000452",
            "source": "dbGaP"
        },
        {
            "format": "",
            "id": "data_61",
            "link": "",
            "omics": "Bulk RNA-seq",
            "public_id": "PRJEB23709",
            "source": "NCBI"
        },
        {
            "format": "",
            "id": "data_62",
            "link": "",
            "omics": "Bulk RNA-seq",
            "public_id": "SRP067586",
            "source": "NCBI"
        },
        {
            "format": "",
            "id": "data_63",
            "link": "",
            "omics": "Bulk RNA-seq",
            "public_id": "GSE100797",
            "source": "GEO"
        },
        {
            "format": "",
            "id": "data_64",
            "link": "",
            "omics": "Bulk RNA-seq",
            "public_id": "GSE96619",
            "source": "GEO"
        },
        {
            "format": "",
            "id": "data_65",
            "link": "",
            "omics": "Bulk RNA-seq",
            "public_id": "GSE202687",
            "source": "GEO"
        },
        {
            "format": "expression matrix",
            "id": "data_66",
            "link": "",
            "omics": "expression",
            "public_id": "",
            "source": "TCGA-PRAD"
        },
        {
            "format": "DNA methylation",
            "id": "data_67",
            "link": "",
            "omics": "DNA methylation",
            "public_id": "",
            "source": "TCGA-PRAD"
        },
        {
            "format": "somatic mutation",
            "id": "data_68",
            "link": "",
            "omics": "somatic mutation",
            "public_id": "",
            "source": "TCGA-PRAD"
        },
        {
            "format": "copy number alteration",
            "id": "data_68",
            "link": "",
            "omics": "copy number alteration",
            "public_id": "",
            "source": "TCGA-PRAD"
        }
    ],
    "analyses": [
        {
            "id": "analysis_1",
            "analysis_name": "Single-cell RNA-seq",
            "analysis_data": ["data_1", "data_2", "data_3", "data_4", "data_5"]
        },
        {
            "id": "analysis_2",
            "analysis_name": "Transcriptomics",
            "analysis_data": [
                "data_6",
                "data_7",
                "data_8",
                "data_9",
                "data_10",
                "data_11",
                "data_12",
                "data_13",
                "data_14",
                "data_15",
                "data_16",
                "data_17",
                "data_18",
                "data_19",
                "data_20",
                "data_21",
                "data_22",
                "data_23",
                "data_24",
                "data_25"
            ]
        },
        {
            "id": "analysis_3",
            "analysis_name": "Transcriptomics",
            "analysis_data": ["data_26", "data_27", "data_28", "data_29"]
        },
        {
            "id": "analysis_4",
            "analysis_name": "Transcriptomics",
            "analysis_data": [
                "data_30",
                "data_31",
                "data_32",
                "data_33",
                "data_34",
                "data_35",
                "data_36",
                "data_37",
                "data_38",
                "data_39",
                "data_40",
                "data_41",
                "data_42",
                "data_43",
                "data_44",
                "data_45",
                "data_46",
                "data_47",
                "data_48",
                "data_49",
                "data_50",
                "data_51",
                "data_52",
                "data_53",
                "data_54",
                "data_55",
                "data_56",
                "data_57",
                "data_58",
                "data_59",
                "data_60",
                "data_61",
                "data_62",
                "data_63",
                "data_64",
                "data_65"
            ]
        },
        {
            "id": "analysis_5",
            "analysis_name": "Single cell cluster",
            "analysis_data": "analysis_1"
        },
        {
            "id": "analysis_6",
            "analysis_name": "Survival analysis",
            "analysis_data": "analysis_1",
            "label": {
                "OS":  ["mRNAsi High", "mRNAsi Low"],
                "PFI":  ["mRNAsi High", "mRNAsi Low"],
                "DFI":  ["mRNAsi High", "mRNAsi Low"],
                "DSS":  ["mRNAsi High", "mRNAsi Low"]
            }
        },
        {
            "id": "analysis_7",
            "analysis_name": "Principal component analysis (PCA)",
            "analysis_data": "analysis_2"
        },
        {
            "id": "analysis_8",
            "analysis_name": "Survival analysis",
            "analysis_data": "analysis_7",
            "label": {"SRS": ["High", "Low"]}
        }
    ]
}