{
    "article_id": "https://www.ncbi.nlm.nih.gov/pmc/articles/PMC11103255/",
    "data": [
        {
            "id": "data_1",
            "omics": "snRNA-seq",
            "link": "",
            "format": "txt",
            "source": "GEO",
            "public_id": "GSE223843"
        },
        {
            "id": "data_2",
            "omics": "snRNA-ATAC-seq",
            "link": "",
            "format": "txt",
            "source": "GEO",
            "public_id": "GSE223843"
        }
    ],
    "analyses": [
        {
            "id": "analysis_1",
            "analysis_name": "single cell RNA sequencing analysis",
            "analysis_data": ["data_1"],
            "label": {"group": ["Control", "Fontan"]}
        },
        {
            "id": "analysis_2",
            "analysis_name": "differentially expressed analysis",
            "analysis_data": ["data_1"],
            "label": {"group": ["Control", "Fontan"]}
        },
        {
            "id": "analysis_3",
            "analysis_name": "Gene ontology (GO) analysis",
            "analysis_data": ["data_1"],
            "label": {"group": ["Control", "Fontan"]}
        },
        {
            "id": "analysis_4",
            "analysis_name": "single cell ATAC sequencing analysis",
            "analysis_data": ["data_2"],
            "label": {"group": ["Control", "Fontan"]}
        },
        {
            "id": "analysis_5",
            "analysis_name": "differentially expressed analysis",
            "analysis_data": ["data_2"],
            "label": {"group": ["Control", "Fontan"]}
        }
    ],
    "results": [
        {
            "analysis_id": "analysis_3",
            "metrics": "p",
            "value": ["P<1.4x10-244"],
            "features": ["ACOX2"]
        },
        {
            "analysis_id": "analysis_3",
            "metrics": "p",
            "value": ["P<2.3x10-308"],
            "features": ["CAT"]
        }
    ]
}