{
    "article_id": "https://www.sciencedirect.com/science/article/pii/S2090123221002150",
    "data": [
        {
            "id": "data_1",
            "omics": "Proteomics",
            "source": "iProX database",
            "link": "https://iprox.org/",
            "format": "Raw proteomics data",
            "public_id": "PXD025311"
        },
        {
            "id": "data_2",
            "omics": "Transcriptomics",
            "source": "",
            "link": "https://www.ncbi.nlm.nih.gov/bioproject",
            "format": "Raw transcriptomics data",
            "public_id": "PRJNA722382"
        },
        {
            "id": "data_3",
            "omics": "Metabolomics",
            "source": "",
            "link": "https://www.ebi.ac.uk/metabolights/index",
            "format": "raw metabolomics data",
            "public_id": "MTBLS2706"
        }
    ],
    "analyses": [
        {"id": "analysis_1", "analysis_name": "Proteomics", "analysis_data": "data1"},
        {"id": "analysis_2", "analysis_name": "Transcriptomics", "analysis_data": "data2"},
        {"id": "analysis_3", "analysis_name": "Metabolomics", "analysis_data": "data3"},
        {
            "id": "analysis_4",
            "analysis_name": "Principal component analysis (PCA)",
            "analysis_data": "analysis_1"
        },
        {
            "id": "analysis_5",
            "analysis_name": "Differential analysis",
            "analysis_data": "analysis_1",
            "label": {"between healthy volunteers and patients with sepsis at different stages":  ["Sepsis", "ctrl"]}
        },
        {
            "id": "analysis_6",
            "analysis_name": "Molecular Complex Detection (MCODE)",
            "analysis_data": "analysis_5"
        },
        {
            "id": "analysis_7",
            "analysis_name": "Functional Enrichment Analysis",
            "analysis_data": "analysis_6"
        },
        {
            "id": "analysis_8",
            "analysis_name": "Differential analysis",
            "analysis_data": "analysis_2",
            "label": {"sepsis": ["Ctrl", "Sepsis", "Severe sepsis", "Septic shock"]}
        },
        {
            "id": "analysis_9",
            "analysis_name": "Functional Enrichment Analysis",
            "analysis_data": "analysis_8"
        },
        {
            "id": "analysis_10",
            "analysis_name": "Molecular Complex Detection (MCODE)",
            "analysis_data": ["analysis_5, analysis_8"]
        },
        {
            "id": "analysis_11",
            "analysis_name": "Differential analysis",
            "analysis_data": "analysis_3",
            "label": {"serum metabolites of CLP mice":  ["Sham", "CLP", "Exo-CLP"]}
        },
        {
            "id": "analysis_12",
            "analysis_name": "Functional Enrichment Analysis",
            "analysis_data": "analysis_11"
        }
    ]
}