{
    "article_id": "https://www.ncbi.nlm.nih.gov/pmc/articles/PMC9970878/",
    "data": [
        {
            "id": "data_1",
            "omics": "RNA-seq expression data",
            "link": "http://synapse.org",
            "format": "txt",
            "source": "synapse",
            "public_id": "syn27042663"
        },
        {
            "id": "data_2",
            "omics": "multi-omics data",
            "link": "",
            "format": "",
            "source": "CPTAC",
            "public_id": ""
        },
        {
            "id": "data_3",
            "omics": "transcriptomic",
            "link": "http://cancergenome.nih.gov/",
            "format": "txt",
            "source": "TCGA",
            "public_id": "TCGA-GBM"
        },
        {
            "id": "data_4",
            "omics": "genomic",
            "link": "http://cancergenome.nih.gov/",
            "format": "txt",
            "source": "TCGA",
            "public_id": "TCGA-GBM"
        },
        {
            "id": "data_5",
            "omics": "methylation",
            "link": "http://cancergenome.nih.gov/",
            "format": "txt",
            "source": "TCGA",
            "public_id": "TCGA-GBM"
        },
        {
            "id": "data_6",
            "omics": "clinical data",
            "link": "http://cancergenome.nih.gov/",
            "format": "txt",
            "source": "TCGA",
            "public_id": "TCGA-GBM"
        },
        {
            "id": "data_7",
            "omics": "clinical data",
            "link": "http://cancergenome.nih.gov/",
            "format": "txt",
            "source": "TCGA",
            "public_id": "TCGA-BRCA"
        },
        {
            "id": "data_8",
            "omics": "transcriptomic",
            "link": "http://cancergenome.nih.gov/",
            "format": "txt",
            "source": "TCGA",
            "public_id": "TCGA-BRCA"
        },
        {
            "id": "data_9",
            "omics": "clinical data",
            "link": "http://cancergenome.nih.gov/",
            "format": "txt",
            "source": "TCGA",
            "public_id": "TCGA-LUSC"
        },
        {
            "id": "data_10",
            "omics": "transcriptomic",
            "link": "http://cancergenome.nih.gov/",
            "format": "txt",
            "source": "TCGA",
            "public_id": "TCGA-LUSC"
        },
        {
            "id": "data_11",
            "omics": "transcriptomic",
            "link": "",
            "format": "txt",
            "source": "METABRIC",
            "public_id": "METABRIC-BRCA"
        },
        {
            "id": "data_12",
            "omics": "methylation",
            "link": "",
            "format": "txt",
            "source": "Gene Expression Omnibus",
            "public_id": "GSE90496"
        }
    ],
    "analyses": [],
    "results": []
}