{
    "article_id": "https://www.ncbi.nlm.nih.gov/pmc/articles/PMC10600232/",
    "data": [
        {
            "id": "data_1",
            "omics": "ATAC-seq",
            "link": "",
            "format": "raw data",
            "source": "National Genomics Data Center of China (GSA-human)",
            "public_id": "HRA002815"
        },
        {
            "id": "data_2",
            "omics": "RNA-seq",
            "link": "",
            "format": "raw data",
            "source": "National Genomics Data Center of China (GSA-human)",
            "public_id": "HRA0002815"
        },
        {
            "id": "data_3",
            "omics": "ChIP-seq",
            "link": "",
            "format": "raw data",
            "source": "National Genomics Data Center of China (GSA-human)",
            "public_id": "HRA0002815"
        },
        {
            "id": "data_4",
            "omics": "WGS",
            "link": "",
            "format": "raw data",
            "source": "National Genomics Data Center of China (GSA-human)",
            "public_id": "HRA0002815"
        },
        {
            "id": "data_4",
            "omics": "RNA-seq",
            "link": "",
            "format": "",
            "source": "National Genomics Data Center of China (GSA-human)",
            "public_id": "HRA000119"
        },
        {
            "id": "data_5",
            "omics": "WGS data",
            "link": "",
            "format": "raw data",
            "source": "National Genomics Data Center of China (GSA-human)",
            "public_id": "HRA005668"
        },
        {
            "id": "data_6",
            "omics": "ATAC-seq",
            "link": "",
            "format": "",
            "source": "National Center for Biotechnology Information\u2019s Gene Expression Omnibus",
            "public_id": "GSE122989"
        },
        {
            "id": "data_7",
            "omics": "RNA expression data",
            "link": "https://depmap.org/portal/download",
            "format": "",
            "source": "DepMap database",
            "public_id": ""
        }
    ],
    "analyses": [
        {
            "id": "analysis_1",
            "analysis_name": "gene transcription analysis",
            "analysis_data": "data_2"
        },
        {
            "id": "analysis_2",
            "analysis_name": "Differential expression analysis",
            "analysis_data": "analysis_1"
        },
        {
            "id": "analysis_3",
            "analysis_name": "allele-specific open chromatin analysis",
            "analysis_data": [
                "data_1",
                "data_5"
            ]
        },
        {
            "id": "analysis_4",
            "analysis_name": "ACR-to-gene predictions",
            "analysis_data": [
                "data_1",
                "data_2"
            ]
        },
        {
            "id": "analysis_5",
            "analysis_name": "Differential chromatin accessibility analysis",
            "analysis_data": [
                "analysis_1"
            ],
            "label": {
                "group": [
                    "B-ALL",
                    "B-cell progenitors"
                ]
            }
        },
        {
            "id": "analysis_6",
            "analysis_name": "Subtype-specific chromatin accessibility analysis",
            "analysis_data": [
                "analysis_1"
            ]
        },
        {
            "id": "analysis_7",
            "analysis_name": "Allele-specific open chromatin analysis",
            "analysis_data": [
                "data_1",
                "data_2"
            ]
        },
        {
            "id": "analysis_8",
            "analysis_name": "Chromatin accessibility changes during treatment",
            "analysis_data": [
                "analysis_1"
            ]
        },
        {
            "id": "analysis_9",
            "analysis_name": "Correlation analysis between chromatin accessibility and patient outcomes",
            "analysis_data": [
                "analysis_1"
            ]
        },
        {
            "id": "analysis_10",
            "analysis_name": "allele-specific open chromatin (ASOC)",
            "analysis_data": [
                "data_1",
                "data_2"
            ]
        },
        {
            "id": "analysis_11",
            "analysis_name": "enrichment analysis",
            "analysis_data": [
                "data_1",
                "data_3"
            ]
        }
    ],
    "results": [
        {
            "analysis_id": "analysis_1",
            "metrics": "",
            "value": "",
            "features": [
                "TCF3::PBX1",
                "ETV6::RUNX1",
                "KMT2A",
                "ZNF384",
                "BCR::ABL1\\BCR::ABL1-like"
            ]
        },
        {
            "analysis_id": "analysis_2",
            "metrics": "",
            "value": "",
            "features": [
                "p<0.05 and FC>1.2",
                "TSS \u00b1 1 kb",
                "E2F6",
                "ETV6::RUNX1"
            ]
        },
        {
            "analysis_id": "analysis_3",
            "metrics": "median",
            "value": "14.39%",
            "features": [
                "TssA",
                "Tx",
                "Enh"
            ]
        },
        {
            "analysis_id": "analysis_3",
            "metrics": "",
            "value": "",
            "features": [
                "rs7090445",
                "ARID5B",
                "RUNX3",
                "rs13401811",
                "BCL2L11"
            ]
        },
        {
            "analysis_id": "analysis_3",
            "metrics": "",
            "value": "",
            "features": [
                "COSMIC",
                "MECOM",
                "HOXA9"
            ]
        },
        {
            "analysis_id": "analysis_10",
            "metrics": "p value",
            "value": "p<2.2e-16",
            "features": "ASOC regions"
        }
    ]
}