{
    "article_id": "https://journals.plos.org/plosone/article?id=10.1371/journal.pone.0284563",
    "data": [
        {
            "id": "data_1",
            "omics": "Proteomics (SomaScan)",
            "source": "COPDGene",
            "link": "https://www.ncbi.nlm.nih.gov/gap/",
            "format": "",
            "public_id": "phs000179.v6.p2"
        },
        {
            "id": "data_2",
            "omics": "Transcriptomics",
            "source": "dbGaP",
            "link": "https://www.ncbi.nlm.nih.gov/gap/",
            "format": "",
            "public_id": "phs000765.v3.p2"
        }
    ],
    "analyses": [
        {
            "id": "analysis_1",
            "analysis_name": "PPI reconstruction",
            "analysis_data": [
                "data_2"
            ],
            "label": {
                "method": [
                    "AhGlasso algorithm"
                ]
            }
        },
        {
            "id": "analysis_2",
            "analysis_name": "COPD classification",
            "analysis_data": [
                "data_1",
                "data_2",
                "analysis_1"
            ],
            "label": {
                "model": [
                    "ConvGNN"
                ]
            }
        },
        {
            "id": "analysis_3",
            "analysis_name": "SHAP analysis",
            "analysis_data": [
                "analysis_2"
            ],
            "label": {
                "method": [
                    "interpreting model predictions"
                ]
            }
        },
        {
            "id": "analysis_4",
            "analysis_name": "Functional enrichment analysis",
            "analysis_data": [
                "analysis_3"
            ],
            "label": {
                "method": [
                    "identify important features",
                    "Gene Ontology enrichment"
                ]
            }
        }
    ],
    "results": [
        {
            "analysis_id": "analysis_2",
            "metrics": "Prediction accuracy",
            "value": "67.38 \u00b1 1.29",
            "features": [
                "single omics data",
                "protein expression data",
                "higher accuracy"
            ]
        },
        {
            "analysis_id": "analysis_2",
            "metrics": "Prediction accuracy",
            "value": "72.09 \u00b1 1.51",
            "features": [
                "single omics data",
                "transcriptomics data",
                "significantly higher prediction accuracy"
            ]
        },
        {
            "analysis_id": "analysis_2",
            "metrics": "Prediction accuracy",
            "value": "73.28\u00b11.20",
            "features": [
                "Multi-omics integration",
                "significantly higher prediction accuracy"
            ]
        },
        {
            "analysis_id": "analysis_2",
            "metrics": "Prediction accuracy",
            "value": "74.86 \u00b1 0.67",
            "features": [
                "Multi-omics integration",
                "COPD-associated PPI",
                "AhGlasso",
                "average prediction accuracy"
            ]
        },
        {
            "analysis_id": "analysis_3",
            "metrics": "the mean absolute value of the SHAP values",
            "value": "",
            "features": [
                "CXCL11",
                "IL-2",
                "CD48",
                "KIR3DL2",
                "TLR2",
                "BMP10",
                "WFIKKN1",
                "POSTN",
                "DDR2"
            ]
        },
        {
            "analysis_id": "analysis_4",
            "metrics": "",
            "value": "",
            "features": [
                "6 enriched molecular function pathways",
                "47 enriched biological process",
                "16 enriched cellular component pathways "
            ]
        }
    ]
}