{
    "article_id": "https://www.ncbi.nlm.nih.gov/pmc/articles/PMC9443529/",
    "data": [
        {
            "id": "data_1",
            "omics": "RNA-seq data",
            "link": "",
            "format": "",
            "source": "SRA database",
            "public_id": "PRJNA859010"
        },
        {
            "id": "data_2",
            "omics": "ATAC-seq data",
            "link": "",
            "format": "",
            "source": "SRA database",
            "public_id": "PRJNA859010"
        },
        {
            "id": "data_3",
            "omics": "proteomics data",
            "link": "",
            "format": "",
            "source": "ProteomeXchange Consortium",
            "public_id": "PXD035459"
        }
    ],
    "analyses": [
        {
            "id": "analysis_1",
            "analysis_name": "ATAC-seq analysis",
            "analysis_data": [
                "data_2"
            ]
        },
        {
            "id": "analysis_2",
            "analysis_name": "RNA-seq analysis",
            "analysis_data": [
                "data_1"
            ]
        },
        {
            "id": "analysis_4",
            "analysis_name": "Proteome analysis",
            "analysis_data": [
                "data_3"
            ]
        },
        {
            "id": "analysis_5",
            "analysis_name": "Differential expression analysis",
            "analysis_data": [
                "analysis_2"
            ],
            "label": {"group":  ["TACI mutation carriers", "healthy donors"]}
        },
        {
            "id": "analysis_6",
            "analysis_name": "Gene ontology enrichment analysis",
            "analysis_data": [
                "analysis_5"
            ]
        },
        {
            "id": "analysis_7",
            "analysis_name": "Differential expression analysis",
            "analysis_data": [
                "analysis_4"
            ],
            "label": {"group":  ["TACI mutation carriers", "healthy donors"]}
        },
        {
            "id": "analysis_8",
            "analysis_name": "Gene ontology enrichment analysis",
            "analysis_data": [
                "analysis_7"
            ]
        }
    ],
    "results": [
        {
            "analysis_id": "analysis_1",
            "metrics": "",
            "value": "",
            "features": [
                "10,657 differentially accessible regions",
                "na\u00efve B cells",
                "CSM B cells"
            ]
        },
        {
            "analysis_id": "analysis_5",
            "metrics": "",
            "value": "",
            "features": [
                "HLA-B",
                "NR4A2",
                "THEMIS2",
                "QPCT",
                "GADD45B",
                "CCNB3",
                "AXIN2",
                "ZNF235",
                "DNAJC12",
                "UBXN10",
                "MANSC1",
                "TRIP13",
                "JPT2"
            ]
        },
        {
            "analysis_id": "analysis_2",
            "metrics": "",
            "value": "",
            "features": [
                "CCNB3",
                "AXIN2",
                "ZNF235",
                "DNAJC12",
                "UBXN10",
                "MANSC1",
                "TRIP13",
                "JPT2"
            ]
        },
        {
            "analysis_id": "analysis_6",
            "metrics": "",
            "value": "",
            "features": [
                "TNF-a",
                "NF-kB pathway",
                "hypoxia",
                "p53 signaling",
                "UV response",
                "interferon-α response",
                "fatty acid metabolism",
                "protein secretion",
                "oxidative phosphorylation"
            ]
        },
        {
            "analysis_id": "analysis_8",
            "metrics": "",
            "value": "",
            "features": [
                "IFN-\u03b1",
                "IFN-\u03b3",
                "CD154",
                "MYC-V2",
                "E2F targets",
                "G1/S transition"
            ]
        }
    ]
}