{
    "article_id": "https://www.ncbi.nlm.nih.gov/pmc/articles/PMC10725582/",
    "data": [
        {
            "id": "data_1",
            "omics": "microbiome data",
            "link": "https://qiita.ucsd.edu/analysis/description/53908/",
            "format": "",
            "source": "Qiita",
            "public_id": ""
        },
        {
            "id": "data_2",
            "omics": "metabolome data",
            "link": "https://gnps.ucsd.edu/ProteoSAFe/status.jsp?task=458123f465e24c55acc01d76be6cd765",
            "format": "",
            "source": "GNPS",
            "public_id": ""
        }
    ],
    "analyses": [
        {
            "id": "analysis_1",
            "analysis_name": "Microbiome diversity analysis",
            "analysis_data": "data_1"
        },
        {
            "id": "analysis_2",
            "analysis_name": "Metabolite profiling analysis",
            "analysis_data": "data_2"
        },
        {
            "id": "analysis_3",
            "analysis_name": "Random forest regression analysis",
            "analysis_data": [
                "analysis_1",
                "analysis_2"
            ]
        },
        {
            "id": "analysis_4",
            "analysis_name": "Linear mixed model analysis",
            "analysis_data": [
                "analysis_1"
            ]
        },
        {
            "id": "analysis_5",
            "analysis_name": "Neutral model analysis",
            "analysis_data": [
                "analysis_1"
            ]
        }
    ],
    "results": [
        {
            "analysis_id": "analysis_4",
            "metrics": ["k", "p"],
            "value": [ -7.8e-4, 7.9e-2 ]
        }
    ]
}