{
    "article_id": "https://www.ncbi.nlm.nih.gov/pmc/articles/PMC10157263/",
    "data": [
        {
            "id": "data_1",
            "omics": "Serum proteome data",
            "link": "",
            "format": "",
            "source": "",
            "public_id": ""
        },
        {
            "id": "data_2",
            "omics": "Tissue transcriptome data",
            "link": "",
            "format": "",
            "source": "",
            "public_id": ""
        }
    ],
    "analyses": [
        {
            "id": "analysis_1",
            "analysis_name": "PCA analysis",
            "analysis_data": [
                "data_1",
                "data_2"
            ]
        },
        {
            "id": "analysis_2",
            "analysis_name": "Spearman correlation analysis",
            "analysis_data": [
                "data_1",
                "data_2"
            ]
        },
        {
            "id": "analysis_3",
            "analysis_name": "differential expression analysis",
            "analysis_data": [
                "data_2",
                "data_1"
            ]
        },
        {
            "id": "analysis_4",
            "analysis_name": "ROC analysis",
            "analysis_data": "data_1"
        }
    ],
    "results": [
        {
            "analysis_id": "analysis_2",
            "metrics": "correlation",
            "features": "IGHM",
            "value": [
                0.56,
                "p<0.001"
            ]
        },
        {
            "analysis_id": "analysis_3",
            "metrics": "log2(foldchange)",
            "features": "IGHM",
            "value": [
                2.64,
                "p<0.001"
            ]
        },
        {
            "analysis_id": "analysis_4",
            "metrics": "auc",
            "features": [
                "preEM",
                "Continous igM",
                "Ordinam IgM"
            ],
            "value": [
                "0.84[0.76-0.93]",
                "0.79[0.69-0.89",
                "0.76[0.66-0.86"
            ]
        }
    ]
}