{
    "article_id": "https://www.nature.com/articles/s41591-021-01329-2",
    "data": [
        {
            "id": "data_1",
            "omics": "scRNA-seq",
            "link": "",
            "format": "Raw data",
            "source": "Gene Expression Omnibus",
            "public_id": "GSE145926"
        },
        {
            "id": "data_2",
            "omics": [
                "Single-cell Transcriptomics",
                "single-cell surface proteome",
                "Single-cell TCR/BCR-seq"
            ],
            "link": "https://covid19cellatlas.org/",
            "format": "h5ad",
            "source": "",
            "public_id": ""
        },
        {
            "id": "data_3",
            "omics": [
                "Single-cell Transcriptomics",
                "single-cell surface proteome",
                "Single-cell TCR/BCR-seq"
            ],
            "link": "",
            "format": "processed data",
            "source": "Array Express",
            "public_id": "E-MTAB-10026"
        }
    ],
    "analyses": [
        {
            "id": "analysis_1",
            "analysis_name": "Single-cell RNA-seq analysis",
            "analysis_data": "data_2"
        },
        {
            "id": "analysis_2",
            "analysis_name": "Differential gene expression analysis",
            "analysis_data": "data_3",
            "label": {
                "COVID-19 disease severity groups": [
                    "healthy", "asymptomatic", "mild", "moderate", "severe", "critical"
                ]
            }
        },
        {
            "id": "analysis_3",
            "analysis_name": "gene-set enrichment analysis",
            "analysis_data": "analysis_1"
        },
        {
            "id": "analysis_4",
            "analysis_name": "Lymphocyte antigen receptor repertoire analysis",
            "analysis_data": "data_3"
        },
        {
            "id": "analysis_5",
            "analysis_name": "single cell clustering analysis",
            "analysis_data": "analysis_1"
        }
    ],
    "results": [
        {
            "analysis_id": "analysis_3",
            "metrics": "",
            "value": "",
            "features": [
                "IL-2–STAT5 signaling",
                "mTORC1 signaling",
                "inflammatory response",
                "IFNγ response",
                "IL-6–JAK–STAT3 signaling"
            ]
        },
        {
            "analysis_id": "analysis_5",
            "metrics": "",
            "value": "",
            "features": [
                "proliferating lymphocytes",
                "proliferating monocytes",
                "platelets",
                "mobilized hematopoietic stem",
                "rogenitor cells (HSPCs)",
                "Plasmablasts",
                 "B cells"
            ]
        }
    ]
}