{
    "article_id": "https://www.ncbi.nlm.nih.gov/pmc/articles/PMC7661549/",
    "data": [
        {
            "id": "data_1",
            "omics": "RNA-seq data",
            "link": "",
            "format": "",
            "source": "",
            "public_id": ""
        },
        {
            "id": "data_2",
            "omics": "Proteomics data",
            "link": "",
            "format": "",
            "source": "",
            "public_id": ""
        },
        {
            "id": "data_3",
            "omics": "Metabolomics data",
            "link": "",
            "format": "",
            "source": "",
            "public_id": ""
        },
        {
            "id": "data_4",
            "omics": "genomics data",
            "link": "",
            "format": "",
            "source": "",
            "public_id": ""
        }
    ],
    "analyses": [
        {
            "id": "analysis_1",
            "analysis_name": "genomic analysis",
            "analysis_data": [
                "data_4"
            ]
        },
        {
            "id": "analysis_2",
            "analysis_name": "Protein expression analysis",
            "analysis_data": [
                "data_2"
            ]
        },
        {
            "id": "analysis_3",
            "analysis_name": "Transcriptomic analysis",
            "analysis_data": [
                "data_1"
            ]
        },
        {
            "id": "analysis_4",
            "analysis_name": "whole genome expression analysis",
            "analysis_data": [
                "data_1"
            ]
        },
        {
            "id": "analysis_5",
            "analysis_name": "Proteomics analysis",
            "analysis_data": [
                "data_2"
            ]
        },
        {
            "id": "analysis_6",
            "analysis_name": "protein-protein interaction networks analysis",
            "analysis_data": [
                "data_2"
            ]
        },
        {
            "id": "analysis_6",
            "analysis_name": "whole genome miRNA profiling analysis",
            "analysis_data": [
                "data_1"
            ]
        }
    ],
    "results": [
        {
            "analysis_id": "analysis_1",
            "metrics": "",
            "value": "",
            "features": [
                "SOD1",
                "EPHA4",
                "KIFAP3",
                "UNC13A",
                "rs12608932"
            ]
        },
        {
            "analysis_id": "analysis_5",
            "metrics": "",
            "value": "",
            "features": [
                "TDP-43",
                "C9ORF72",
                "SOD1/FUS"
            ]
        },
        {
            "analysis_id": "analysis_5",
            "metrics": "",
            "value": "",
            "features": [
                "IL-10",
                "IL-6",
                "GM-CSF",
                "IL-2",
                "IL-15",
                "MIP-1\u03b1",
                "wrCRP",
                "HMGB"
            ]
        }
    ]
}