{
    "article_id": "https://www.ncbi.nlm.nih.gov/pmc/articles/PMC7969999/",
    "data": [
        {
            "id": "data_1",
            "omics": "Transcriptomics",
            "link": "",
            "format": "",
            "source": "GEO database",
            "public_id": "GSE163574"
        },
        {
            "id": "data_2",
            "omics": "Proteomics",
            "link": "",
            "format": "",
            "source": "ProteomeXchange database",
            "public_id": "PXD023344"
        },
        {
            "id": "data_3",
            "omics": "Phosphoproteomics",
            "link": "",
            "format": "",
            "source": "ProteomeXchange database",
            "public_id": "PXD023345"
        },
        {
            "id": "data_4",
            "omics": "",
            "link": "",
            "format": "matrix",
            "source": "Cancer Genome Altas(TCGA)",
            "public_id": "TCGA_PAAD"
        },
        {
            "id": "data_5",
            "omics": "",
            "link": "",
            "format": "",
            "source": "International Cancer Genome Consortium",
            "public_id": "ICGC_AU"
        },
        {
            "id": "data_6",
            "omics": "",
            "link": "",
            "format": "matrix",
            "source": "Gene Expression Omnibus (GEO)",
            "public_id": "GSE62452"
        }
    ],
    "analyses": [
        {
            "id": "analysis_1",
            "analysis_name": "Transcriptomics Analysis",
            "analysis_data": [
                "data_1"
            ]
        },
        {
            "id": "analysis_2",
            "analysis_name": "Proteomics Analysis",
            "analysis_data": [
                "data_2"
            ]
        },
        {
            "id": "analysis_3",
            "analysis_name": "Phosphoproteomics Analysis",
            "analysis_data": [
                "data_3"
            ]
        },
        {
            "id": "analysis_4",
            "analysis_name": "LASSO Cox",
            "analysis_data": [
                "data_4",
                "data_6"
            ]
        },
        {
            "id": "analysis_5",
            "analysis_name": "survival analysis",
            "training_set": ["data_4"],
            "test_set": ["data_5", "data_6"]
        },
        {
            "id": "analysis_6",
            "analysis_name": "Differential expression analysis",
            "analysis_data": ["analysis_1"]
        },
        {
            "id": "analysis_7",
            "analysis_name": "pathway analysis",
            "analysis_data": ["analysis_6"]
        },
        {
            "id": "analysis_8",
            "analysis_name": "Differential expression analysis",
            "analysis_data": ["analysis_2"]
        },
                    {
            "id": "analysis_9",
            "analysis_name": "pathway analysis",
            "analysis_data": ["analysis_8"]
        },
        {
            "id": "analysis_10",
            "analysis_name": "Differential expression analysis",
            "analysis_data": ["analysis_3"]
        },
        {
            "id": "analysis_11",
            "analysis_name": "pathway analysis",
            "analysis_data": ["analysis_10"]
        },
        {
            "id": "analysis_12",
            "analysis_name": "univariate Cox analysis",
            "analysis_data": ["data_4"]
        },
        {
            "id": "analysis_13",
            "analysis_name": "pathway analysis",
            "analysis_data": ["analysis_12"]
        }
    ],
    "results": [
        {
            "analysis_id": "analysis_4",
            "metrics": "",
            "value": "",
            "features": [
                "TOP2A",
                "CRABP2",
                "CDK1",
                "NUSAP1",
                "PERP"
            ]
        },
        {
            "analysis_id": "analysis_5",
            "metrics": "AUC",
            "value": [0.87, 0.65]
        },
        {
            "analysis_id": "analysis_6",
            "metrics": "",
            "value": "",
            "features": [
                "nucleotide excision repair",
                "mismatch repair",
                "homologous recombination",
                "base excision repair",
                "cell cycle",
                "p53 signaling pathway",
                "DNA replication",
                "oocyte meiosis",
                "spliceosome",
                "RNA degradation",
                "aminoacyl tRNA biosynthesis",
                "pancreatic cancer",
                "small cell lung cancer"
            ]
        },
        {
            "analysis_id": "analysis_9",
            "metrics": "",
            "value": "",
            "features": [
                "rRNA binding",
                "ribosome biogenesis",
                "lysosome",
                "LAPM1",
                "LAMP2",
                "anlotinib",
                "44 ribosome-related proteins"
            ]
        },
        {
            "analysis_id": "analysis_11",
            "metrics": "",
            "value": "",
            "features": [
                "RNA transport",
                "spliceosome",
                "cell cycle",
                "regulation of actin cytoskeleton",
                "mTOR signaling"
            ]
        }
    ]
}