{
    "article_id": "https://www.nature.com/articles/s41467-020-18546-x",
    "data": [
        {
            "id": "data_1",
            "omics": "scRNA-seq",
            "link": "",
            "format": "",
            "source": "Gene Expression Omnibus (GEO)",
            "public_id": [
                "GSE120575",
                "GSE115978",
                "GSE123813"
            ]
        },
        {
            "id": "data_2",
            "omics": "Transcriptome-level gene expression data",
            "link": "",
            "format": "",
            "source": "Gene Expression Omnibus (GEO)",
            "public_id": [
                "GSE78220",
                "GSE91061"
            ]
        },
        {
            "id": "data_2",
            "omics": "Transcriptome-level gene expression data",
            "link": "",
            "format": "",
            "source": "ENA project",
            "public_id": "PRJEB23709"
        },
        {
            "id": "data_3",
            "omics": "genome sequencing",
            "link": "",
            "format": "",
            "source": "dbGaP",
            "public_id": "phs000452.v3.p1"
        }
    ],
    "analyses": [
        {
            "id": "analysis_1",
            "analysis_name": "Single-cell cluster and differential expression analysis",
            "analysis_data": [
                "data_1"
            ]
        },
        {
            "id": "analysis_2",
            "analysis_name": "Functional enrichment analysis",
            "analysis_data": [
                "analysis_1"
            ]
        },
        {
            "id": "analysis_3",
            "analysis_name": "Single-cell cluster and differential expression analysis",
            "analysis_data": [
                "analysis_3"
            ]
        },
        {
            "id": "analysis_4",
            "analysis_name": "ICT outcome signature",
            "analysis_data": [
                "data_2",
                "data_3"
            ]
        }
    ],
    "results": [
        {
            "analysis_id": "analysis_1",
            "metrics": "",
            "value": "",
            "features": [
                "SPP1",
                "RNASE1",
                "MT1G",
                "SEPP1",
                "FOLR2",
                "NUPR1",
                "KLHDC8B",
                "CCL18",
                "MMP12",
                "APOC2",
                "C3",
                "C1QA",
                "C1QB",
                "C1QC",
                "IDO1",
                "FCER1A",
                "S100A12",
                "APOBEC3A",
                "SELL",
                "CXCL10",
                "LCK",
                "TIGIT",
                "PTPRCAP",
                "KLRK1",
                "LAT",
                "IL32",
                "IFITM1",
                "CCL5"
            ]
        },
        {
            "analysis_id": "analysis_1",
            "metrics": "",
            "value": "",
            "features": [
                "C1QA",
                "C1QB",
                "C1QC",
                "C2",
                "C3",
                "MMP14",
                "CD276",
                "FN1",
                "MRC1",
                "CCL13",
                "CCL18",
                "LYVE1",
                "PDCD1LG2 (PD-L2)",
                "MMP9",
                "TGFB2",
                "ARG2"
            ]
        },
        {
            "analysis_id": "analysis_1",
            "metrics": "",
            "value": "",
            "features": [
                "RRM2",
                "BIRC5",
                "SPC24",
                "UBE2C",
                "CDCA5"
            ]
        },
        {
            "analysis_id": "analysis_1",
            "metrics": "",
            "value": "",
            "features": [
                "TREM2",
                "SPP1",
                "RNASE1",
                "MT1G",
                "SEPP1",
                "FOLR2",
                "KLHDC8B",
                "CCL18",
                "MMP12",
                "APOC2",
                "C3",
                "C1QA",
                "C1QB",
                "C1QC",
                "ABCA6",
                "LEF1",
                "FGR",
                "IL2RA",
                "ITGAX",
                "IL7",
                "TRAC",
                "IL2RA",
                "ITGB1",
                "ZBTB32",
                "TRAF1",
                "CCND2"
            ]
        }
    ]
}