{
    "article_id": "https://www.ncbi.nlm.nih.gov/pmc/articles/PMC10203880/",
    "data": [
        {
            "id": "data_1",
            "omics": "Serology",
            "link": "",
            "format": "",
            "source": [
                "ImmPort",
                "dbGAP"
            ],
            "public_id": [
                "SDY1760",
                "phs002686.v1.p1"
            ]
        },
        {
            "id": "data_2",
            "omics": "Olink",
            "link": "",
            "format": "",
            "source": [
                "ImmPort",
                "dbGAP"
            ],
            "public_id": [
                "SDY1760",
                "phs002686.v1.p1"
            ]
        },
        {
            "id": "data_3",
            "omics": "Proteomics",
            "link": "",
            "format": "",
            "source": [
                "ImmPort",
                "dbGAP"
            ],
            "public_id": [
                "SDY1760",
                "phs002686.v1.p1"
            ]
        },
        {
            "id": "data_4",
            "omics": "Metabolomics",
            "link": "",
            "format": "",
            "source": [
                "ImmPort",
                "dbGAP"
            ],
            "public_id": [
                "SDY1760",
                "phs002686.v1.p1"
            ]
        },
        {
            "id": "data_5",
            "omics": "RNA-seq",
            "link": "",
            "format": "",
            "source": [
                "ImmPort",
                "dbGAP"
            ],
            "public_id": [
                "SDY1760",
                "phs002686.v1.p1"
            ]
        },
        {
            "id": "data_6",
            "omics": "metagenomics",
            "link": "",
            "format": "",
            "source": [
                "ImmPort",
                "dbGAP"
            ],
            "public_id": [
                "SDY1760",
                "phs002686.v1.p1"
            ]
        },
        {
            "id": "data_7",
            "omics": "Genomics",
            "link": "",
            "format": "",
            "source": [
                "ImmPort",
                "dbGAP"
            ],
            "public_id": [
                "SDY1760",
                "phs002686.v1.p1"
            ]
        },
        {
            "id": "data_8",
            "omics": "CyTOF",
            "link": "",
            "format": "",
            "source": [
                "ImmPort",
                "dbGAP"
            ],
            "public_id": [
                "SDY1760",
                "phs002686.v1.p1"
            ]
        }
    ],
    "analyses": [
        {
            "id": "analysis_1",
            "analysis_name": "Differential analysis",
            "analysis_data": [
                "data_1"
            ]
        },
        {
            "id": "analysis_2",
            "analysis_name": "Differential analysis",
            "analysis_data": [
                "data_2"
            ]
        },
        {
            "id": "analysis_3",
            "analysis_name": "gene co-expression network analysis (WGCNA)",
            "analysis_data": [
                "data_2"
            ]
        },
        {
            "id": "analysis_4",
            "analysis_name": "Proteomics",
            "analysis_data": [
                "data_3"
            ]
        },
        {
            "id": "analysis_5",
            "analysis_name": "Differential analysis",
            "analysis_data": [
                "analysis_4"
            ]
        },
        {
            "id": "analysis_6",
            "analysis_name": "gene co-expression network analysis (WGCNA)",
            "analysis_data": [
                "analysis_4"
            ]
        },
        {
            "id": "analysis_7",
            "analysis_name": "metabolomics",
            "analysis_data": [
                "data_6"
            ]
        },
        {
            "id": "analysis_8",
            "analysis_name": "Differential analysis",
            "analysis_data": [
                "analysis_7"
            ]
        },
        {
            "id": "analysis_9",
            "analysis_name": "gene co-expression network analysis (WGCNA)",
            "analysis_data": [
                "analysis_7"
            ]
        },
        {
            "id": "analysis_10",
            "analysis_name": "Differential analysis",
            "analysis_data": "data_8"
        },
        {
            "id": "analysis_11",
            "analysis_name": "transcriptomics",
            "analysis_data": [
                "data_5"
            ]
        },
        {
            "id": "analysis_12",
            "analysis_name": "Differential analysis",
            "analysis_data": [
                "analysis_11"
            ]
        },
        {
            "id": "analysis_13",
            "analysis_name": "Functional enrichment analysis",
            "analysis_data": [
                "analysis_11"
            ]
        },
        {
            "id": "analysis_14",
            "analysis_name": "gene co-expression network analysis (WGCNA)",
            "analysis_data": [
                "analysis_11"
            ]
        },
        {
            "id": "analysis_15",
            "analysis_name": "Genomics",
            "analysis_data": "data_7"
        },
        {
            "id": "analysis_16",
            "analysis_name": "Genome-wide association study (GWAS)",
            "analysis_data": "analysis_15"
        },
        {
            "id": "analysis_17",
            "analysis_name": "metagenomics",
            "analysis_data": [
                "data_6"
            ]
        }
    ],
    "results": [
    ]
}