{
    "article_id": "https://www.cell.com/cell/fulltext/S0092-8674(23)00737-7?_returnURL=https://linkinghub.elsevier.com/retrieve/pii/S0092867423007377?showall=true",
    "data": [
        {
            "id": "data_1",
            "omics": "proteomics",
            "link": "",
            "format": "",
            "source": "Proteomic Data Commons",
            "public_id": "PDC000358"
        },
        {
            "id": "data_2",
            "omics": "proteomics",
            "link": "",
            "format": "",
            "source": "Proteomic Data Commons",
            "public_id": "PDC000360"
        },
        {
            "id": "data_3",
            "omics": "proteomics",
            "link": "",
            "format": "",
            "source": "Proteomic Data Commons",
            "public_id": "PDC000362"
        },
        {
            "id": "data_4",
            "omics": "WGS",
            "link": "",
            "format": "",
            "source": "dbGaP",
            "public_id": "dbGaP:phs003152.v1.p1"
        },
        {
            "id": "data_5",
            "omics": "RNA-seq",
            "link": "",
            "format": "",
            "source": "dbGaP",
            "public_id": "dbGaP:phs003152.v1.p1"
        }
    ],
    "analyses": [
        {
            "id": "analysis_1",
            "analysis_name": "differential mutation analysis",
            "analysis_data": "data_4"
        },
        {
            "id": "analysis_2",
            "analysis_name": "differential expression analysis",
            "analysis_data": "data_2"
        },
        {
            "id": "analysis_3",
            "analysis_name": "BRCA mutation predict platinum response",
            "analysis_data": "analysis_9"
        },
        {
            "id": "analysis_4",
            "analysis_name": "multivariate regression",
            "analysis_data": [
                "analysis_1"
            ]
        },
        {
            "id": "analysis_5",
            "analysis_name": "Genomic scars analysis",
            "analysis_data": [
                "data_4"
            ]
        },
        {
            "id": "analysis_6",
            "analysis_name": "predict paltinum response",
            "analysis_data": [
                "data_4"
            ]
        },
        {
            "id": "analysis_7",
            "analysis_name": "A protein panel predictive of refractoriness",
            "analysis_data": [
                "data_2"
            ]
        },
        {
            "id": "analysis_8",
            "analysis_name": "A protein panel predictive of refractoriness",
            "analysis_data": [
                "data_3"
            ]
        },
        {
            "id": "analysis_9",
            "analysis_name": "A protein panel predictive of refractoriness",
            "analysis_data": [
                "data_3"
            ]
        },
        {
            "id": "analysis_10",
            "analysis_name": "A protein panel predictive of refractoriness",
            "analysis_data": [
                "data_1"
            ]
        },
        {
            "id": "analysis_11",
            "analysis_name": "Pathway analysis",
            "analysis_data": [
                "data_1",
                "data_2",
                "data_3",
                "data_5"
            ]
        },
        {
            "id": "analysis_12",
            "analysis_name": "consensus clustering analysis",
            "analysis_data": [
                "analysis_11"
            ]
        },
        {
            "id": "analysis_13",
            "analysis_name": "Immune infiltration",
            "analysis_data": [
                "data_2",
                "data_5",
                "analysis_12"
            ]
        }
    ],
    "results": [
        {
            "analysis_id": "analysis_1",
            "metrics": "",
            "value": "",
            "features": [
                "TP53",
                "BRCA1",
                "BRCA2"
            ]
        },
        {
            "analysis_id": "analysis_2",
            "metrics": "",
            "value": "",
            "features": [
                "TGM2",
                "CARMIL1",
                "CCDC167",
                "TPMT"
            ]
        },
        {
            "analysis_id": "analysis_3",
            "metrics": "p value",
            "value": "p=0.001",
            "features": [
                "BRCA1",
                "BRCA2"
            ]
        },
        {
            "analysis_id": "analysis_5",
            "metrics": "p value",
            "value": "p=0.0176",
            "features": [
                "nTAI"
            ]
        },
        {
            "analysis_id": "analysis_6",
            "metrics": "auc",
            "value": [
                0.69,
                0.73
            ],
            "features": [
                "BRCA mutation + clinical variables",
                "BRCA mutation + clinical variables + Chr17-LOH"
            ]
        },
        {
            "analysis_id": "analysis_7",
            "metrics": "auc",
            "value": [
                0.83
            ],
            "features": [
                "COX7A2",
                "S100A10",
                "COX6C",
                "COX7C",
                "CA2",
                "GLUD1",
                "TALDO1",
                "LGALS1",
                "ACADSB",
                "NDUFB3",
                "HACL1",
                "GPX4",
                "CPOX",
                "COX6A1",
                "GPX1",
                "LDHA",
                "ATP6V1D",
                "ACOT7",
                "LTA4H",
                "PTGES2",
                "CASP7",
                "IL4I1",
                "PECR",
                "YWHAG",
                "IDI1",
                "AIFM1",
                "NBN",
                "HADH",
                "PLIN2",
                "FDX1",
                "NCAPH2",
                "IDH1",
                "ABCB8",
                "TGM2",
                "RAB25",
                "CDKN1B",
                "EGFR",
                "CDKN1A",
                "RHOA",
                "NFKB1",
                "SENP1",
                "ARNT",
                "CAMK2D",
                "RPS6KB2",
                "TFRC",
                "PDK1",
                "STAT3",
                "RELA",
                "BCL2L1",
                "VCAM1",
                "NFKB2",
                "CHUK",
                "MYD88",
                "TOP3B",
                "XIAP",
                "ATM",
                "BIRC2",
                "KEAP1",
                "RIPK1",
                "MTDH",
                "GOLPH3L",
                "TPMT",
                "CARMIL1",
                "CCDC167"
            ]
        },
        {
            "analysis_id": "analysis_8",
            "metrics": "auc",
            "value": [
                0.79
            ],
            "features": [
                "COX7A2",
                "S100A10",
                "COX6C",
                "COX7C",
                "CA2",
                "GLUD1",
                "TALDO1",
                "LGALS1",
                "ACADSB",
                "NDUFB3",
                "HACL1",
                "GPX4",
                "CPOX",
                "COX6A1",
                "GPX1",
                "LDHA",
                "ATP6V1D",
                "ACOT7",
                "LTA4H",
                "PTGES2",
                "CASP7",
                "IL4I1",
                "PECR",
                "YWHAG",
                "IDI1",
                "AIFM1",
                "NBN",
                "HADH",
                "PLIN2",
                "FDX1",
                "NCAPH2",
                "IDH1",
                "ABCB8",
                "TGM2",
                "RAB25",
                "CDKN1B",
                "EGFR",
                "CDKN1A",
                "RHOA",
                "NFKB1",
                "SENP1",
                "ARNT",
                "CAMK2D",
                "RPS6KB2",
                "TFRC",
                "PDK1",
                "STAT3",
                "RELA",
                "BCL2L1",
                "VCAM1",
                "NFKB2",
                "CHUK",
                "MYD88",
                "TOP3B",
                "XIAP",
                "ATM",
                "BIRC2",
                "KEAP1",
                "RIPK1",
                "MTDH",
                "GOLPH3L",
                "TPMT",
                "CARMIL1",
                "CCDC167"
            ]
        },
        {
            "analysis_id": "analysis_9",
            "metrics": "auc",
            "value": [
                0.81
            ],
            "features": [
                "COX7A2",
                "S100A10",
                "COX6C",
                "COX7C",
                "CA2",
                "GLUD1",
                "TALDO1",
                "LGALS1",
                "ACADSB",
                "NDUFB3",
                "HACL1",
                "GPX4",
                "CPOX",
                "COX6A1",
                "GPX1",
                "LDHA",
                "ATP6V1D",
                "ACOT7",
                "LTA4H",
                "PTGES2",
                "CASP7",
                "IL4I1",
                "PECR",
                "YWHAG",
                "IDI1",
                "AIFM1",
                "NBN",
                "HADH",
                "PLIN2",
                "FDX1",
                "NCAPH2",
                "IDH1",
                "ABCB8",
                "TGM2",
                "RAB25",
                "CDKN1B",
                "EGFR",
                "CDKN1A",
                "RHOA",
                "NFKB1",
                "SENP1",
                "ARNT",
                "CAMK2D",
                "RPS6KB2",
                "TFRC",
                "PDK1",
                "STAT3",
                "RELA",
                "BCL2L1",
                "VCAM1",
                "NFKB2",
                "CHUK",
                "MYD88",
                "TOP3B",
                "XIAP",
                "ATM",
                "BIRC2",
                "KEAP1",
                "RIPK1",
                "MTDH",
                "GOLPH3L",
                "TPMT",
                "CARMIL1",
                "CCDC167"
            ]
        },
        {
            "analysis_id": "analysis_10",
            "metrics": "auc",
            "value": [
                0.91
            ],
            "features": [
                "COX7A2",
                "S100A10",
                "COX6C",
                "COX7C",
                "CA2",
                "GLUD1",
                "TALDO1",
                "LGALS1",
                "ACADSB",
                "NDUFB3",
                "HACL1",
                "GPX4",
                "CPOX",
                "COX6A1",
                "GPX1",
                "LDHA",
                "ATP6V1D",
                "ACOT7",
                "LTA4H",
                "PTGES2",
                "CASP7",
                "IL4I1",
                "PECR",
                "YWHAG",
                "IDI1",
                "AIFM1",
                "NBN",
                "HADH",
                "PLIN2",
                "FDX1",
                "NCAPH2",
                "IDH1",
                "ABCB8",
                "TGM2",
                "RAB25",
                "CDKN1B",
                "EGFR",
                "CDKN1A",
                "RHOA",
                "NFKB1",
                "SENP1",
                "ARNT",
                "CAMK2D",
                "RPS6KB2",
                "TFRC",
                "PDK1",
                "STAT3",
                "RELA",
                "BCL2L1",
                "VCAM1",
                "NFKB2",
                "CHUK",
                "MYD88",
                "TOP3B",
                "XIAP",
                "ATM",
                "BIRC2",
                "KEAP1",
                "RIPK1",
                "MTDH",
                "GOLPH3L",
                "TPMT",
                "CARMIL1",
                "CCDC167"
            ]
        },
        {
            "analysis_id": "analysis_11",
            "metrics": "FDR",
            "value": "FDR<0.1",
            "features": [
                "E2F targets",
                "G2M checkpoint",
                "DNA replication",
                "hypoxia",
                "transforming growth factor β (TGF-β)",
                "epithelial-mesenchymal transition (EMT)",
                "Oxidative phosphorylation (OXPHOS)",
                "tricarboxylic acid (TCA) cycle"
            ]
        }
    ]
}