{
    "article_id": "https://www.ncbi.nlm.nih.gov/pmc/articles/PMC10086491/",
    "data": [
        {
            "id": "data_1",
            "omics": "single-cell RNA-seq data",
            "link": "",
            "format": "",
            "source": "National Omics Data Encyclopedia (NODE)",
            "public_id": "OEP003254"
        },
        {
            "id": "data_2",
            "omics": "bulk RNA-seq data",
            "link": "",
            "format": "",
            "source": "National Omics Data Encyclopedia (NODE)",
            "public_id": "OEP003254"
        },
        {
            "id": "data_3",
            "omics": "proteomics data",
            "link": "",
            "format": "",
            "source": "",
            "public_id": ""
        },
        {
            "id": "data_4",
            "omics": "metabolomics data",
            "link": "",
            "format": "",
            "source": "",
            "public_id": ""
        }
    ],
    "analyses": [
        {
            "id": "analysis_1",
            "analysis_name": "Single-cell analysis",
            "analysis_data": "data_1"
        },
        {
            "id": "analysis_2",
            "analysis_name": "Bulk Transcriptomics",
            "analysis_data": "data_2"
        },
        {
            "id": "analysis_3",
            "analysis_name": "Proteomics",
            "analysis_data": "data_3"
        },
        {
            "id": "analysis_4",
            "analysis_name": "Metabolomics",
            "analysis_data": "data_4"
        },
        {
            "id": "analysis_5",
            "analysis_name": "Differentially expressed analysis",
            "analysis_data": [
                "analysis_2",
                "analysis_3",
                "analysis_4"
            ]
        },
        {
            "id": "analysis_6",
            "analysis_name": "survival analysis",
            "analysis_data": []
        }

    ],
    "results": [
        {
            "analysis_id": "analysis_5",
            "metrics": "Differentially expressed genes between PMN and TANs",
            "value": "",
            "features": [
                "BHLHE40",
                "LDHA",
                "VEGFA",
                "PLAU",
                "LGALS3"
            ]
        }
    ]
}