{
    "article_id": "https://www.ncbi.nlm.nih.gov/pmc/articles/PMC9701038/",
    "data": [
        {
            "id": "data_1",
            "omics": "proteomic",
            "link": "https://www.iprox.org/",
            "format": "raw data",
            "source": "iProx Consortium",
            "public_id": "IPX0002796002"
        },
        {
            "id": "data_2",
            "omics": "phosphoproteomic",
            "link": "https://www.iprox.org/",
            "format": "raw data",
            "source": "iProx Consortium",
            "public_id": "IPX0002796001"
        },
        {
            "id": "data_3",
            "omics": "whole-exome sequencing data",
            "link": "https://www.biosino.org/node/",
            "format": "raw data",
            "source": "NODE",
            "public_id": "OEP001784"
        },
        {
            "id": "data_4",
            "omics": "RNA-seq data",
            "link": "https://ngdc.cncb.ac.cn/gsa/",
            "format": "raw data",
            "source": "GSA",
            "public_id": "HRA002195"
        }
    ],
    "analyses": [
        {
            "id": "analysis_1",
            "analysis_name": "WES analysis",
            "analysis_data": "data_3"
        },
        {
            "id": "analysis_2",
            "analysis_name": "proteomic analysis",
            "analysis_data": "data_1"
        },
        {
            "id": "analysis_3",
            "analysis_name": "Phosphoproteomic analysis",
            "analysis_data": "data_2"
        },
        {
            "id": "analysis_4",
            "analysis_name": "differential gene expression analysis",
            "analysis_data": ["analysis_2", "analysis_3"],
            "label": {
                "group": [
                    "tumor",
                    "NAT"
                ]
            }
        },
        {
            "id": "analysis_5",
            "analysis_name": "Pathway enrichment analysis",
            "analysis_data": "analysis_4"
        },
        {
            "id": "analysis_6",
            "analysis_name": "Survival analysis",
            "analysis_data": [
                "analysis_2",
                "analysis_3"
            ]
        }
    ],
    "results": [
        {
            "analysis_id": "analysis_1",
            "metrics": "",
            "value": "",
            "features": [
                "KRA", "TP53", "TTN", "MUC16", "CDKN2A", "SMAD4"
            ]
        },
        {
            "analysis_id": "analysis_4",
            "metrics": "",
            "value": "",
            "features": [
                "CPB1", "PRSS2", "CPA1", "GATM", "PRSS1", "CPA2", "TMEM97", "PRSS3", "SERPINI2", "CELA2A", "KLK1", "PNLIPRP1", "ERP27", "CELA2B", "SLC43A1"
            ]
        },
        {
            "analysis_id": "analysis_5",
            "metrics": "",
            "value": "",
            "features": [
                "HIPK 2",
                "ROCK 1",
                "PRKCD",
                "MAPKAPK 2"
            ]
        },
        {
            "analysis_id": "analysis_6",
            "metrics": "",
            "value": "",
            "features": [
                "ENO1",
                "EPS8",
                "MAPK3",
                "PGAM1",
                "PLEC",
                "SVIL",
                "WAS",
                "ZC3H4"
            ]
        }
    ]
}