{
    "article_id": "https://www.ncbi.nlm.nih.gov/pmc/articles/PMC9164146/",
    "data": [
        {
            "id": "data_1",
            "omics": "RNA-seq data",
            "link": "",
            "format": "raw files",
            "source": "Gene Expression Omnibus (GEO) database",
            "public_id": "GSE181625"
        },
        {
            "id": "data_2",
            "omics": "proteomics data",
            "link": "",
            "format": "raw files",
            "source": "Proteomics Identifications Database (PRIDE)",
            "public_id": "PXD028597"
        },
        {
            "id": "data_3",
            "omics": "metabolome",
            "link": "",
            "format": "",
            "source": "",
            "public_id": ""
        }
    ],
    "analyses": [
        {
            "id": "analysis_2",
            "analysis_name": "Gene set enrichment analysis",
            "analysis_data": "analysis_1"
        },
        {
            "id": "analysis_3",
            "analysis_name": "protein-protein interaction network analysis",
            "analysis_data": [
                "analysis_1",
                "analysis_2"
            ]
        },
        {
            "id": "analysis_4",
            "analysis_name": "pathway analysis",
            "analysis_data": [
                "analysis_3"
            ]
        },
        {
            "id": "analysis_5",
            "analysis_name": "proteomics",
            "analysis_data": [
                "data_2"
            ]
        },
        {
            "id": "analysis_6",
            "analysis_name": "Gene ontology (GO) analysis",
            "analysis_data": [
                "data_1"
            ]
        },
        {
            "id": "analysis_7",
            "analysis_name": "Hypergeometric Optimization of Motif EnRichment (HOMER)",
            "analysis_data": [
                "analysis_1"
            ]
        },
        {
            "id": "analysis_8",
            "analysis_name": "Transcriptional regulatory network analysis",
            "analysis_data": [
                "analysis_1"
            ]
        },
        {
            "id": "annlysis_8",
            "analysis_name": "PCA analysis",
            "analysis_data": [
                "data_2"
            ]
        },
        {
            "id": "annlysis_9",
            "analysis_name": "differential expression analysis",
            "analysis_data": [
                "data_2"
            ]
        },
        {
            "id": "analysis_10",
            "analysis_name": "metabolome analysis",
            "analysis_data": [
                "data_3"
            ]
        },
        {
            "id": "analysis_11",
            "analysis_name": "Ingenuity Pathway Analysis (IPA)",
            "analysis_data": [
                "analysis_10"
            ]
        }
    ],
    "results": [
        {
            "analysis_id": "analysis_1",
            "metrics": "",
            "value": "",
            "features": [
                "1005 and 3259 differentially expressed genes"
            ]
        },
        {
            "analysis_id": "analysis_2",
            "metrics": "",
            "value": "",
            "features": [
                "1005 and 3259 differentially expressed genes"
            ]
        },
        {
            "analysis_id": "analysis_3",
            "metrics": "",
            "value": "",
            "features": [
                "PPI enrichment p = 2.09e-07",
                "PPI enrichment p=0.00528"
            ]
        },
        {
            "analysis_id": "analysis_4",
            "metrics": "",
            "value": "",
            "features": [
                "UPR/ER",
                "TRAF6",
                "IRF7",
                "TNF-\u03b1",
                "IFN-\u03b3",
                "TGF-\u03b2"
            ]
        },
        {
            "analysis_id": "analysis_5",
            "metrics": "",
            "value": "",
            "features": [
                "TSG101",
                "RAB40C",
                "UBAC2",
                "CUL5",
                "RALA",
                "TMEM59"
            ]
        },
        {
            "analysis_id": "analysis_6",
            "metrics": "",
            "value": "",
            "features": [
                "endoplasmic reticulum (ER) stress",
                "nuclear factor kappa-light-chain-enhancer of activated B cells (NF-kB) signalling",
                "cytokine production and response to DNA damage",
                "Lipid synthesis seemed "
            ]
        },
        {
            "analysis_id": "analysis_7",
            "metrics": "",
            "value": "p<0.05",
            "features": [
                "ETV1",
                "CHOP",
                "ETV4",
                "ERG",
                "ELK4",
                "GABPA",
                "ELF4"
            ]
        },
        {
            "analysis_id": "analysis_8",
            "metrics": "Gene Enrichment Score",
            "value": "",
            "features": [
                "MSX1",
                "ATF3",
                "XBP1",
                "DDIT3",
                "NFYA",
                "NANOG",
                "ATF4",
                "RARA",
                "SMAD1",
                "HDAC3",
                "CEBPB"
            ]
        },
        {
            "analysis_id": "analysis_9",
            "metrics": "",
            "value": "",
            "features": [
                "TSG101",
                "RAB40C",
                "UBAC2",
                "CUL5",
                "RALA",
                "TMEM59"
            ]
        }
    ]
}