{
    "article_id": "https://www.ncbi.nlm.nih.gov/pmc/articles/PMC11035709/",
    "data": [
        {
            "id": "data_1",
            "omics": "RNA-seq",
            "link": "",
            "format": "",
            "source": "Gene Expression Omnibus database",
            "public_id": "GSE228842"
        },
        {
            "id": "data_2",
            "omics": "Homo sapiens genome",
            "link": "https://genome-idx.s3.amazonaws.com/hisat/grch38_genome.tar.gz",
            "format": "",
            "source": "HISAT2",
            "public_id": "GRCh38"
        },
        {
            "id": "data_3",
            "omics": "Gene lists",
            "link": "http://www.broadinstitute.org/gsea/msigdb/index.jsp",
            "format": "",
            "source": "Molecular Signatures Database",
            "public_id": ""
        },
        {
            "id": "data_4",
            "omics": "MicroRNA",
            "link": "https://www.mirnet.ca",
            "format": "",
            "source": "miRNet",
            "public_id": ""
        },
        {
            "id": "data_5",
            "omics": "3rd gen long-read RNA-seq",
            "link": "https://www.ncbi.nlm.nih.gov/geo/query/acc.cgi?acc=GSE228842",
            "format": "",
            "source": "Gene Expression Omnibus database",
            "public_id": "GSE228842"
        },
        {
            "id": "data_6",
            "omics": "RNA-seq",
            "link": "https://www.ncbi.nlm.nih.gov/geo/query/acc.cgi?acc=GSE228842",
            "format": "",
            "source": "Gene Expression Omnibus database",
            "public_id": "GSE228842"
        },
        {
            "id": "data_7",
            "omics": "small RNA-seq",
            "link": "https://www.ncbi.nlm.nih.gov/geo/query/acc.cgi?acc=GSE228842",
            "format": "",
            "source": "Gene Expression Omnibus database",
            "public_id": "GSE228842"
        }
    ],
    "analyses": [
        {
            "id": "analysis_1",
            "analysis_name": "Differential expression analysis",
            "analysis_data": [
                "data_1"
            ]
        },
        {
            "id": "analysis_2",
            "analysis_name": "Gene-set enrichment analysis (GSEA)",
            "analysis_data": [
                "data_3"
            ]
        },
        {
            "id": "analysis_3",
            "analysis_name": "enrichment analysis",
            "analysis_data": [
                "data_1",
                "data_4"
            ]
        },
        {
            "id": "analysis_4",
            "analysis_name": "differential expression analysis",
            "analysis_data": [
                "data_6"
            ]
        },
        {
            "id": "analysis_5",
            "analysis_name": "Principal component analysis (PCA)",
            "analysis_data": [
                "data_6"
            ]
        },
        {
            "id": "analysis_6",
            "analysis_name": "GSEA",
            "analysis_data": [
                "data_6"
            ]
        },
        {
            "id": "analysis_7",
            "analysis_name": "Differential expression analysis",
            "analysis_data": [
                "data_5"
            ]
        }
    ],
    "results": [
        {
            "analysis_id": "analysis_2",
            "metrics": "",
            "value": "",
            "features": [
                "significantly enriched pathways"
            ]
        },
        {
            "analysis_id": "analysis_1",
            "metrics": "",
            "value": "",
            "features": [
                "NAAT+ve",
                "NAAT-ve",
                "ChAdOx 1 nCoV-19"
            ]
        },
        {
            "analysis_id": "analysis_3",
            "metrics": "",
            "value": "",
            "features": [
                "NAAT-ve",
                "COVID-19",
                "IP10",
                "IL10",
                "MCP1"
            ]
        },
        {
            "analysis_id": "analysis_1",
            "metrics": "",
            "value": "",
            "features": [
                "684 DEGs",
                "5 DEGs",
                "MX1",
                "MX1-201"
            ]
        },
        {
            "analysis_id": "analysis_1",
            "metrics": "",
            "value": "",
            "features": [
                "IFN-\u03b3",
                "IL 18",
                "IP 10",
                "IL 10",
                "TNF-\u03b1"
            ]
        },
        {
            "analysis_id": "analysis_1",
            "metrics": "",
            "value": "",
            "features": [
                "KREMEN1"
            ]
        },
        {
            "analysis_id": "analysis_1",
            "metrics": "",
            "value": "",
            "features": [
                "hsa-miR-150-5p",
                "STAT1",
                "CT+7"
            ]
        },
        {
            "analysis_id": "analysis_1",
            "metrics": "",
            "value": "",
            "features": [
                "KEGG",
                "TNF-alpha",
                "IL18",
                "CXCL10/IP10"
            ]
        },
        {
            "analysis_id": "analysis_4",
            "features": [
                " 1,119 differentially expressed genes"
            ],
            "metrics": "",
            "value": ""
        },
        {
            "analysis_id": "analysis_6",
            "features": [
                "response to virus"
            ],
            "metrics": "",
            "value": ""
        },
        {
            "analysis_id": "analysis_7",
            "features": [
                "MX1",
                "MX1-201"
            ],
            "metrics": "",
            "value": ""
        }
    ]
}