{
    "article_id": "https://www.ncbi.nlm.nih.gov/pmc/articles/PMC10698552/",
    "data": [
        {
            "id": "data_1",
            "omics": "RNA-seq level-3 gene expression data",
            "link": "https://xenabrowser.net/datapages/",
            "format": "",
            "source": "University of California Santa Cruz (UCSC) database",
            "public_id": ""
        },
        {
            "id": "data_2",
            "omics": "GISTIC2 method estimated gene-level CNV data",
            "link": "https://xenabrowser.net/datapages/",
            "format": "",
            "source": "University of California Santa Cruz (UCSC) database",
            "public_id": ""
        },
        {
            "id": "data_3",
            "omics": "DNA methylation 450k array data",
            "link": "https://xenabrowser.net/datapages/",
            "format": "",
            "source": "University of California Santa Cruz (UCSC) database",
            "public_id": ""
        },
        {
            "id": "data_4",
            "omics": "RNA-seq data",
            "link": "http://www.ncbi.nlm.nih.gov/geo/",
            "format": "",
            "source": "Gene Expression Omnibus (GEO) database",
            "public_id": "GSE7390, GSE20685, GSE103091,GSE176078"
        },
        {
            "id": "data_4",
            "omics": "scRNA-seq data",
            "link": "http://www.ncbi.nlm.nih.gov/geo/",
            "format": "",
            "source": "Gene Expression Omnibus (GEO) database",
            "public_id": "GSE176078"
        }
    ],
    "analyses": [
        {
            "id": "analysis_1",
            "analysis_name": "differential RNA expression analysis",
            "analysis_data": [
                "data_1"
            ],
            "label": {
                "group": [
                    "tumor", "normal"
                ]
            }
        },
        {
            "id": "analysis_2",
            "analysis_name": "univariate cox regression analysis",
            "analysis_data": [
                "analysis_1",
                "data_2",
                "data_3"
            ],
            "label": {
                "value": [
                    "tumor", "normal"
                ]
            }
        },
        {
            "id": "analysis_3",
            "analysis_name": "Lasso regression analysis",
            "analysis_data": [
                "analysis_1",
                "data_2",
                "data_3"
            ]
        },
        {
            "id": "analysis_4",
            "analysis_name": "performance of RS signature anlysis",
            "analysis_data": [
                "analysis_2",
                "analysis_3"
            ]
        },
        {
            "id": "analysis_5",
            "analysis_name": "survival analysis",
            "analysis_data": [
                "data_4"
            ]
        },
        {
            "id": "analysis_6",
            "analysis_name": "Single-cell analysis",
            "analysis_data": [
                "data_5"
            ]
        }
    ],
    "results": [
        {
            "analysis_id": "analysis_4",
            "metrics": "",
            "value": "",
            "features": [
                "C15orf52",
                "C1orf228",
                "CEL",
                "FUZ",
                "PAK6",
                "SIRPG"
            ]
        }
    ]
}