{
    "article_id": "https://www.nature.com/articles/s41586-021-04278-5",
    "data": [
        {
            "id": "data_1",
            "omics": "DNA sequencing data",
            "link": "",
            "format": "",
            "source": "European Genome-Phenome Archive",
            "public_id": "EGAS00001004582"
        },
        {
            "id": "data_2",
            "omics": "RNA sequencing data",
            "link": "",
            "format": "",
            "source": "European Genome-Phenome Archive",
            "public_id": "EGAS00001004582"
        },
        {
            "id": "data_3",
            "omics": "digital pathology",
            "link": "",
            "format": "",
            "source": "",
            "public_id": ""
        },
        {
            "id": "data_4",
            "omics": "treatment data",
            "link": "",
            "format": "",
            "source": "",
            "public_id": ""
        },
        {
            "id": "data_5",
            "omics": "clinical features",
            "link": "",
            "format": "",
            "source": "",
            "public_id": ""
        }
    ],
    "analyses": [
        {
            "id": "analysis_1",
            "analysis_name": "sWGS and WES",
            "analysis_data": [
                "data_1"
            ],
            "label": ""
        },
        {
            "id": "analysis_2",
            "analysis_name": "HLA typing",
            "analysis_data": [
                "data_1"
            ],
            "label": ""
        },
        {
            "id": "analysis_3",
            "analysis_name": "HRD",
            "analysis_data": [
                "data_1"
            ],
            "label": ""
        },
        {
            "id": "analysis_4",
            "analysis_name": "RNA-seq",
            "analysis_data": [
                "data_2"
            ],
            "label": ""
        },
        {
            "id": "analysis_5",
            "analysis_name": "differential RNA expression analysis",
            "analysis_data": [
                "analysis_4"
            ],
            "label": {
                "group": [
                    "pCR versus residual disease"
                ]
            }
        },
        {
            "id": "analysis_6",
            "analysis_name": "classifier analysis",
            "analysis_data": [
                "data_5"
            ],
            "label": {
                "group": [
                    "pCR versus residual disease"
                ]
            }
        },
        {
            "id": "analysis_7",
            "analysis_name": "classifier analysis",
            "analysis_data": [
                "data_5",
                "data_1"
            ],
            "label": {
                "group": [
                    "pCR versus residual disease"
                ]
            }
        },
        {
            "id": "analysis_8",
            "analysis_name": "classifier analysis",
            "analysis_data": [
                "data_5",
                "data_2"
            ],
            "label": {
                "group": [
                    "pCR versus residual disease"
                ]
            }
        },
        {
            "id": "analysis_9",
            "analysis_name": "classifier analysis",
            "analysis_data": [
                "data_5",
                "data_1",
                "data_2"
            ],
            "label": {
                "group": [
                    "pCR versus residual disease"
                ]
            }
        },
        {
            "id": "analysis_10",
            "analysis_name": "classifier analysis",
            "analysis_data": [
                "data_5",
                "data_1",
                "data_2",
                "data_3"
            ],
            "label": {
                "group": [
                    "pCR versus residual disease"
                ]
            }
        },
        {
            "id": "analysis_11",
            "analysis_name": "classifier analysis",
            "analysis_data": [
                "data_5",
                "data_1",
                "data_2",
                "data_3",
                "data_4"
            ],
            "label": {
                "group": [
                    "pCR versus residual disease"
                ]
            }
        }
    ],
    "results": [
        {
            "analysis_id": "analysis_5",
            "metrics": "",
            "value": "",
            "features": [
                "CDKN2A",
                "EGFR",
                "CCNE1",
                "MYC",
                "CCND1",
                "ZNF703",
                "ESR1"
            ]
        },
        {
            "analysis_id": "analysis_6",
            "metrics": "AUC",
            "value": 0.7
        },
        {
            "analysis_id": "analysis_7",
            "metrics": "AUC",
            "value": 0.8
        },
        {
            "analysis_id": "analysis_8",
            "metrics": "AUC",
            "value": 0.86
        },
        {
            "analysis_id": "analysis_9",
            "metrics": "AUC",
            "value": 0.86
        },
        {
            "analysis_id": "analysis_10",
            "metrics": "AUC",
            "value": 0.85
        },
        {
            "analysis_id": "analysis_11",
            "metrics": "AUC",
            "value": 0.87
        }
    ]
}