{
    "article_id": "https://www.ncbi.nlm.nih.gov/pmc/articles/PMC10874628/",
    "data": [
        {
            "id": "data_1",
            "omics": "RNA-seq data",
            "link": "",
            "format": "",
            "source": "Gene Expression Omnibus (GEO)",
            "public_id": "GSE236775"
        },
        {
            "id": "data_2",
            "omics": "single-cell RNA-seq data",
            "link": "",
            "format": "",
            "source": "Gene Expression Omnibus (GEO)",
            "public_id": "GSE236775"
        },
        {
            "id": "data_3",
            "omics": "shRNA data",
            "link": "",
            "format": "",
            "source": "Gene Expression Omnibus (GEO)",
            "public_id": "GSE236775"
        },
        {
            "id": "data_4",
            "omics": "ATAC-seq data",
            "link": "",
            "format": "",
            "source": "Gene Expression Omnibus (GEO)",
            "public_id": "GSE236775"
        },
        {
            "id": "data_5",
            "omics": "ChIP seq data",
            "link": "",
            "format": "",
            "source": "Gene Expression Omnibus (GEO)",
            "public_id": "GSE236775"
        },
        {
            "id": "data_6",
            "omics": "DNaseI-Seq data",
            "link": "",
            "format": "",
            "source": "Gene Expression Omnibus (GEO)",
            "public_id": "GSE108316"
        }
    ],
    "analyses": [
        {
            "id": "analysis_1",
            "analysis_name": "Bulk RNA-Seq data analysis",
            "analysis_data": [
                "data_1"
            ]

        },
        {
            "id": "analysis_2",
            "analysis_name": "Single-cell RNA-Seq analysis",
            "analysis_data": [
                "data_2"
            ]
        },
        {
            "id": "analysis_3",
            "analysis_name": "shRNA data analysis",
            "analysis_data": [
                "data_3"
            ]
        },
        {
            "id": "analysis_4",
            "analysis_name": "ATAC-seq data analysis",
            "analysis_data": [
                "data_4"
            ]
        },
        {
            "id": "analysis_5",
            "analysis_name": "ChIP-seq data analysis",
            "analysis_data": [
                "data_5"
            ]
        },
        {
            "id": "analysis_6",
            "analysis_name": "DNaseI-Seq data analysis",
            "analysis_data": [
                "data_6"
            ]
        },
        {
            "id": "analysis_7",
            "analysis_name": "Gene Regulatory Networks",
            "analysis_data": [
                "analysis_1",
                "analysis_2",
                "analysis_3",
                "analysis_4",
                "analysis_5",
                "analysis_6"
            ]
        }
    ],
    "results": [
        {
            "analysis_id": "analysis_7",
            "metrics": "",
            "value": "",
            "features": [
                "EGR1",
                "NFIL-3",
                "FOS",
                "RUNX1",
                "IRX3",
                "MYB",
                "NFiX",
                "CEBPA",
                "CCNA2",
                "MEN1",
                "DUSP6",
                "KLF2",
                "IRX5",
                "NFATC1",
                "IL8",
                "FOXC1"
            ]
        }
    ]
}