{
    "article_id": "https://www.ncbi.nlm.nih.gov/pmc/articles/PMC7759603/",
    "data": [
        {
            "id": "data_1",
            "omics": "RNA-seq data",
            "link": "",
            "format": "Raw fastq data",
            "source": "Sequence Read Archive (SRA) database",
            "public_id": "SRP237545"
        },
        {
            "id": "data_2",
            "omics": "Proteomics data",
            "link": "",
            "format": "",
            "source": "Gene Expression Omnibus (GEO)",
            "public_id": "GSE142025"
        },
        {
            "id": "data_3",
            "omics": "Metabolomics data",
            "link": "",
            "format": "",
            "source": "Gene Expression Omnibus (GEO)",
            "public_id": "GSE142025"
        },
        {
            "id": "data_4",
            "omics": "RNA-seq data",
            "link": "",
            "format": "",
            "source": "Gene Expression Omnibus (GEO)",
            "public_id": "GSE142025"
        }
    ],
    "analyses": [
        {
            "id": "analysis_1",
            "analysis_name": "transcriptomics",
            "analysis_data": [
                "data_1",
                "data_4"
            ]
        },
        {
            "id": "analysis_2",
            "analysis_name": "Differential gene expression analysis",
            "analysis_data": [
                "analysis_1"
            ]
        },
        {
            "id": "analysis_3",
            "analysis_name": "Weighted gene co-expression network analysis (WGCNA)",
            "analysis_data": [
                "analysis_1"
            ]
        },
        {
            "id": "analysis_4",
            "analysis_name": "KEGG functional enrichment analysis",
            "analysis_data": [
                "analysis_2"
            ]
        },
        {
            "id": "analysis_5",
            "analysis_name": "proteomics",
            "analysis_data": [
                "data_2"
            ]
        },
        {
            "id": "analysis_6",
            "analysis_name": "Differential analysis",
            "analysis_data": [
                "analysis_5"
            ]
        },

        {
            "id": "analysis_7",
            "analysis_name": "Gene set enrichment analysis (GSEA)",
            "analysis_data": [
                "analysis_6"
            ]
        },
        {
            "id": "analysis_8",
            "analysis_name": "metabolomics",
            "analysis_data": [
                "data_3"
            ]
        },
        {
            "id": "analysis_9",
            "analysis_name": "OPLS-DA modeling analysis",
            "analysis_data": [
                "analysis_8"
            ]
        },
        {
            "id": "analysis_8",
            "analysis_name": "metabolite enrichment analysis",
            "analysis_data": [
                "analysis_8",
                "analysis_9"
            ]
        }
    ],
    "results": [
        {
            "analysis_id": "analysis_2",
            "metrics": "",
            "value": "",
            "features": [
                "115 up-regulated",
                "193 down-regulated",
                "CXCL12",
                "IL-6",
                "CXCL8",
                "CCL20",
                "CXCL1",
                "IL1B",
                "MIR29A",
                "MIR4521",
                "PABPC5-AS1",
                "AL353600.2",
                "CYP26B1",
                "CYP4A22",
                "COX5BP1"
            ]
        },
        {
            "analysis_id": "analysis_6",
            "metrics": "",
            "value": "",
            "features": [
                "210 up-regulated",
                "119 down-regulated",
                "Cox 2",
                "Acox 1",
                "Acox 2",
                "Acox 3",
                "Acms1",
                "Acms3"
            ]
        },
        {
            "analysis_id": "analysis_9",
            "metrics": "",
            "value": "",
            "features": [
                "28 up-regulated",
                "154 down-regulated",
                "(\u00b1)10(11)-EpDPA",
                "(\u00b1)9-HpODE",
                "(\u00b1)13-HODE"
            ]
        }
    ]
}