{
    "article_id": "https://www.nature.com/articles/s41598-022-23544-8",
    "data": [
        {
            "id": "data_1",
            "omics": "Proteomics",
            "source": "ProteomeXchange Consortium",
            "link": "",
            "format": "Mass spectrometry data",
            "public_id": "PXD0228839"
        },
        {
            "id": "data_2",
            "omics": "Metabolomics",
            "source": "MassIVE",
            "link": "",
            "format": "Mass spectrometry data",
            "public_id": "MSV000088078"
        }
    ],
    "analyses": [
        {
            "id": "analysis_1",
            "analysis_name": "Proteomics",
            "analysis_data": [
                "data_1"
            ]
        },
        {
            "id": "analysis_2",
            "analysis_name": "Metabolomics",
            "analysis_data": [
                "data_2"
            ]
        },
        {
            "id": "analysis_3",
            "analysis_name": "Differential analysis",
            "analysis_data": [
                "analysis_1",
                "analysis_2"
            ]
        },
        {
            "id": "analysis_4",
            "analysis_name": "Functional enrichment analysis",
            "analysis_data": [
                "analysis_3"
            ]
        }
    ],
    "results": [
        {
            "analysis_id": "analysis_4",
            "metrics": "adjusted p",
            "value": [
                0.007,
                0.005,
                0.005,
                0.003,
                0.007,
                0.007,
                0.007
            ],
            "features": [
                "oxidative phosphorylation",
                "branched chained amino acids degradation",
                "citrate cycle",
                "ketone body metabolism",
                "beta oxidation",
                "peroxisome proliferator-activated receptors (PPARs) signaling pathway",
                "retrograde endocannabinoid signaling pathway"
            ]
        }
    ]
}